[2026-09-24T18:05:41.428+0000] {manager.py:483} INFO - Processing files using up to 2 processes at a time 
[2026-09-24T18:05:41.430+0000] {manager.py:484} INFO - Process each file at most once every 30 seconds
[2026-09-24T18:05:41.430+0000] {manager.py:486} INFO - Checking for new files in /opt/airflow/dags every 300 seconds
[2026-09-24T18:05:41.431+0000] {manager.py:726} INFO - Searching for files in /opt/airflow/dags
[2026-09-24T18:05:41.443+0000] {manager.py:729} INFO - There are 38 files in /opt/airflow/dags
[2026-09-24T18:05:41.553+0000] {manager.py:851} INFO - 
================================================================================
DAG File Processing Stats

File Path                                                                                                           PID  Runtime      # DAGs    # Errors  Last Runtime    Last Run
----------------------------------------------------------------------------------------------------------------  -----  ---------  --------  ----------  --------------  ----------
/home/airflow/.local/lib/python3.7/site-packages/airflow/example_dags/example_short_circuit_decorator.py             62  0.04s             0           0
/home/airflow/.local/lib/python3.7/site-packages/airflow/example_dags/example_bash_operator.py                       63  0.03s             0           0
/home/airflow/.local/lib/python3.7/site-packages/airflow/example_dags/example_branch_day_of_week_operator.py                               0           0
/home/airflow/.local/lib/python3.7/site-packages/airflow/example_dags/tutorial.py                                                          0           0
/home/airflow/.local/lib/python3.7/site-packages/airflow/example_dags/example_branch_python_dop_operator_3.py                              0           0
/home/airflow/.local/lib/python3.7/site-packages/airflow/example_dags/example_task_group_decorator.py                                      0           0
/home/airflow/.local/lib/python3.7/site-packages/airflow/example_dags/example_passing_params_via_test_command.py                           0           0
/home/airflow/.local/lib/python3.7/site-packages/airflow/example_dags/example_sensors.py                                                   0           0
/home/airflow/.local/lib/python3.7/site-packages/airflow/example_dags/example_python_operator.py                                           0           0
/home/airflow/.local/lib/python3.7/site-packages/airflow/example_dags/example_subdag_operator.py                                           0           0
/home/airflow/.local/lib/python3.7/site-packages/airflow/example_dags/tutorial_dag.py                                                      0           0
/home/airflow/.local/lib/python3.7/site-packages/airflow/example_dags/example_task_group.py                                                0           0
/home/airflow/.local/lib/python3.7/site-packages/airflow/example_dags/example_branch_datetime_operator.py                                  0           0
/home/airflow/.local/lib/python3.7/site-packages/airflow/example_dags/example_skip_dag.py                                                  0           0
/home/airflow/.local/lib/python3.7/site-packages/airflow/example_dags/example_datasets.py                                                  0           0
/home/airflow/.local/lib/python3.7/site-packages/airflow/example_dags/example_xcomargs.py                                                  0           0
/home/airflow/.local/lib/python3.7/site-packages/airflow/example_dags/example_dag_decorator.py                                             0           0
/home/airflow/.local/lib/python3.7/site-packages/airflow/example_dags/example_sla_dag.py                                                   0           0
/home/airflow/.local/lib/python3.7/site-packages/airflow/example_dags/example_kubernetes_executor.py                                       0           0
/home/airflow/.local/lib/python3.7/site-packages/airflow/example_dags/example_latest_only.py                                               0           0
/home/airflow/.local/lib/python3.7/site-packages/airflow/example_dags/example_branch_operator.py                                           0           0
/home/airflow/.local/lib/python3.7/site-packages/airflow/example_dags/example_branch_operator_decorator.py                                 0           0
/home/airflow/.local/lib/python3.7/site-packages/airflow/example_dags/tutorial_taskflow_api.py                                             0           0
/home/airflow/.local/lib/python3.7/site-packages/airflow/example_dags/example_xcom.py                                                      0           0
/home/airflow/.local/lib/python3.7/site-packages/airflow/example_dags/tutorial_taskflow_api_virtualenv.py                                  0           0
/home/airflow/.local/lib/python3.7/site-packages/airflow/example_dags/example_time_delta_sensor_async.py                                   0           0
/home/airflow/.local/lib/python3.7/site-packages/airflow/example_dags/example_nested_branch_dag.py                                         0           0
/home/airflow/.local/lib/python3.7/site-packages/airflow/example_dags/example_local_kubernetes_executor.py                                 0           0
/home/airflow/.local/lib/python3.7/site-packages/airflow/example_dags/example_complex.py                                                   0           0
/home/airflow/.local/lib/python3.7/site-packages/airflow/example_dags/example_latest_only_with_trigger.py                                  0           0
/home/airflow/.local/lib/python3.7/site-packages/airflow/example_dags/example_branch_labels.py                                             0           0
/home/airflow/.local/lib/python3.7/site-packages/airflow/example_dags/example_trigger_target_dag.py                                        0           0
/home/airflow/.local/lib/python3.7/site-packages/airflow/example_dags/example_sensor_decorator.py                                          0           0
/home/airflow/.local/lib/python3.7/site-packages/airflow/example_dags/example_trigger_controller_dag.py                                    0           0
/home/airflow/.local/lib/python3.7/site-packages/airflow/example_dags/example_short_circuit_operator.py                                    0           0
/home/airflow/.local/lib/python3.7/site-packages/airflow/example_dags/example_external_task_marker_dag.py                                  0           0
/home/airflow/.local/lib/python3.7/site-packages/airflow/example_dags/plugins/workday.py                                                   0           0
/home/airflow/.local/lib/python3.7/site-packages/airflow/example_dags/subdags/subdag.py                                                    0           0
================================================================================
[2026-09-24T18:06:12.372+0000] {manager.py:851} INFO - 
================================================================================
DAG File Processing Stats

File Path                                                                                                           PID  Runtime      # DAGs    # Errors  Last Runtime    Last Run
----------------------------------------------------------------------------------------------------------------  -----  ---------  --------  ----------  --------------  -------------------
/home/airflow/.local/lib/python3.7/site-packages/airflow/example_dags/plugins/workday.py                                                   0           0  0.06s           2026-09-24T18:05:47
/home/airflow/.local/lib/python3.7/site-packages/airflow/example_dags/subdags/subdag.py                                                    0           0  0.05s           2026-09-24T18:05:47
/home/airflow/.local/lib/python3.7/site-packages/airflow/example_dags/example_short_circuit_decorator.py            140  0.02s             1           0  0.28s           2026-09-24T18:05:41
/home/airflow/.local/lib/python3.7/site-packages/airflow/example_dags/example_bash_operator.py                      141  0.01s             1           0  0.28s           2026-09-24T18:05:41
/home/airflow/.local/lib/python3.7/site-packages/airflow/example_dags/example_branch_day_of_week_operator.py                               1           0  0.24s           2026-09-24T18:05:42
/home/airflow/.local/lib/python3.7/site-packages/airflow/example_dags/tutorial.py                                                          1           0  0.22s           2026-09-24T18:05:42
/home/airflow/.local/lib/python3.7/site-packages/airflow/example_dags/example_branch_python_dop_operator_3.py                              1           0  0.20s           2026-09-24T18:05:42
/home/airflow/.local/lib/python3.7/site-packages/airflow/example_dags/example_task_group_decorator.py                                      1           0  0.27s           2026-09-24T18:05:42
/home/airflow/.local/lib/python3.7/site-packages/airflow/example_dags/example_passing_params_via_test_command.py                           1           0  0.35s           2026-09-24T18:05:42
/home/airflow/.local/lib/python3.7/site-packages/airflow/example_dags/example_sensors.py                                                   1           0  0.27s           2026-09-24T18:05:42
/home/airflow/.local/lib/python3.7/site-packages/airflow/example_dags/example_python_operator.py                                           1           0  0.46s           2026-09-24T18:05:43
/home/airflow/.local/lib/python3.7/site-packages/airflow/example_dags/tutorial_dag.py                                                      1           0  0.26s           2026-09-24T18:05:43
/home/airflow/.local/lib/python3.7/site-packages/airflow/example_dags/example_task_group.py                                                1           0  0.32s           2026-09-24T18:05:43
/home/airflow/.local/lib/python3.7/site-packages/airflow/example_dags/example_skip_dag.py                                                  1           0  0.33s           2026-09-24T18:05:43
/home/airflow/.local/lib/python3.7/site-packages/airflow/example_dags/example_dag_decorator.py                                             1           0  0.27s           2026-09-24T18:05:44
/home/airflow/.local/lib/python3.7/site-packages/airflow/example_dags/example_sla_dag.py                                                   1           0  0.22s           2026-09-24T18:05:44
/home/airflow/.local/lib/python3.7/site-packages/airflow/example_dags/example_kubernetes_executor.py                                       1           0  0.23s           2026-09-24T18:05:44
/home/airflow/.local/lib/python3.7/site-packages/airflow/example_dags/example_latest_only.py                                               1           0  0.20s           2026-09-24T18:05:44
/home/airflow/.local/lib/python3.7/site-packages/airflow/example_dags/example_branch_operator.py                                           1           0  0.18s           2026-09-24T18:05:44
/home/airflow/.local/lib/python3.7/site-packages/airflow/example_dags/example_branch_operator_decorator.py                                 1           0  0.20s           2026-09-24T18:05:45
/home/airflow/.local/lib/python3.7/site-packages/airflow/example_dags/tutorial_taskflow_api.py                                             1           0  0.20s           2026-09-24T18:05:45
/home/airflow/.local/lib/python3.7/site-packages/airflow/example_dags/example_xcom.py                                                      1           0  0.28s           2026-09-24T18:05:45
/home/airflow/.local/lib/python3.7/site-packages/airflow/example_dags/tutorial_taskflow_api_virtualenv.py                                  1           0  0.29s           2026-09-24T18:05:45
/home/airflow/.local/lib/python3.7/site-packages/airflow/example_dags/example_time_delta_sensor_async.py                                   1           0  0.24s           2026-09-24T18:05:45
/home/airflow/.local/lib/python3.7/site-packages/airflow/example_dags/example_nested_branch_dag.py                                         1           0  0.34s           2026-09-24T18:05:46
/home/airflow/.local/lib/python3.7/site-packages/airflow/example_dags/example_local_kubernetes_executor.py                                 1           0  0.32s           2026-09-24T18:05:46
/home/airflow/.local/lib/python3.7/site-packages/airflow/example_dags/example_complex.py                                                   1           0  0.19s           2026-09-24T18:05:46
/home/airflow/.local/lib/python3.7/site-packages/airflow/example_dags/example_latest_only_with_trigger.py                                  1           0  0.21s           2026-09-24T18:05:46
/home/airflow/.local/lib/python3.7/site-packages/airflow/example_dags/example_branch_labels.py                                             1           0  0.21s           2026-09-24T18:05:46
/home/airflow/.local/lib/python3.7/site-packages/airflow/example_dags/example_trigger_target_dag.py                                        1           0  0.18s           2026-09-24T18:05:46
/home/airflow/.local/lib/python3.7/site-packages/airflow/example_dags/example_sensor_decorator.py                                          1           0  0.24s           2026-09-24T18:05:46
/home/airflow/.local/lib/python3.7/site-packages/airflow/example_dags/example_trigger_controller_dag.py                                    1           0  0.21s           2026-09-24T18:05:46
/home/airflow/.local/lib/python3.7/site-packages/airflow/example_dags/example_short_circuit_operator.py                                    1           0  0.22s           2026-09-24T18:05:47
/home/airflow/.local/lib/python3.7/site-packages/airflow/example_dags/example_xcomargs.py                                                  2           0  0.29s           2026-09-24T18:05:44
/home/airflow/.local/lib/python3.7/site-packages/airflow/example_dags/example_external_task_marker_dag.py                                  2           0  0.27s           2026-09-24T18:05:47
/home/airflow/.local/lib/python3.7/site-packages/airflow/example_dags/example_subdag_operator.py                                           3           0  0.34s           2026-09-24T18:05:43
/home/airflow/.local/lib/python3.7/site-packages/airflow/example_dags/example_branch_datetime_operator.py                                  3           0  0.32s           2026-09-24T18:05:43
/home/airflow/.local/lib/python3.7/site-packages/airflow/example_dags/example_datasets.py                                                  6           0  0.51s           2026-09-24T18:05:44
================================================================================
[2026-09-24T18:06:43.119+0000] {manager.py:851} INFO - 
================================================================================
DAG File Processing Stats

File Path                                                                                                           PID  Runtime      # DAGs    # Errors  Last Runtime    Last Run
----------------------------------------------------------------------------------------------------------------  -----  ---------  --------  ----------  --------------  -------------------
/home/airflow/.local/lib/python3.7/site-packages/airflow/example_dags/plugins/workday.py                                                   0           0  0.04s           2026-09-24T18:06:17
/home/airflow/.local/lib/python3.7/site-packages/airflow/example_dags/subdags/subdag.py                                                    0           0  0.10s           2026-09-24T18:06:17
/home/airflow/.local/lib/python3.7/site-packages/airflow/example_dags/example_short_circuit_decorator.py            218  0.03s             1           0  0.49s           2026-09-24T18:06:12
/home/airflow/.local/lib/python3.7/site-packages/airflow/example_dags/example_bash_operator.py                      219  0.01s             1           0  0.54s           2026-09-24T18:06:12
/home/airflow/.local/lib/python3.7/site-packages/airflow/example_dags/example_branch_day_of_week_operator.py                               1           0  0.26s           2026-09-24T18:06:13
/home/airflow/.local/lib/python3.7/site-packages/airflow/example_dags/tutorial.py                                                          1           0  0.27s           2026-09-24T18:06:13
/home/airflow/.local/lib/python3.7/site-packages/airflow/example_dags/example_branch_python_dop_operator_3.py                              1           0  0.21s           2026-09-24T18:06:13
/home/airflow/.local/lib/python3.7/site-packages/airflow/example_dags/example_task_group_decorator.py                                      1           0  0.22s           2026-09-24T18:06:13
/home/airflow/.local/lib/python3.7/site-packages/airflow/example_dags/example_passing_params_via_test_command.py                           1           0  0.22s           2026-09-24T18:06:13
/home/airflow/.local/lib/python3.7/site-packages/airflow/example_dags/example_sensors.py                                                   1           0  0.18s           2026-09-24T18:06:13
/home/airflow/.local/lib/python3.7/site-packages/airflow/example_dags/example_python_operator.py                                           1           0  0.19s           2026-09-24T18:06:13
/home/airflow/.local/lib/python3.7/site-packages/airflow/example_dags/tutorial_dag.py                                                      1           0  0.17s           2026-09-24T18:06:13
/home/airflow/.local/lib/python3.7/site-packages/airflow/example_dags/example_task_group.py                                                1           0  0.18s           2026-09-24T18:06:14
/home/airflow/.local/lib/python3.7/site-packages/airflow/example_dags/example_skip_dag.py                                                  1           0  0.21s           2026-09-24T18:06:14
/home/airflow/.local/lib/python3.7/site-packages/airflow/example_dags/example_dag_decorator.py                                             1           0  0.25s           2026-09-24T18:06:15
/home/airflow/.local/lib/python3.7/site-packages/airflow/example_dags/example_sla_dag.py                                                   1           0  0.21s           2026-09-24T18:06:15
/home/airflow/.local/lib/python3.7/site-packages/airflow/example_dags/example_kubernetes_executor.py                                       1           0  0.18s           2026-09-24T18:06:15
/home/airflow/.local/lib/python3.7/site-packages/airflow/example_dags/example_latest_only.py                                               1           0  0.15s           2026-09-24T18:06:15
/home/airflow/.local/lib/python3.7/site-packages/airflow/example_dags/example_branch_operator.py                                           1           0  0.17s           2026-09-24T18:06:16
/home/airflow/.local/lib/python3.7/site-packages/airflow/example_dags/example_branch_operator_decorator.py                                 1           0  0.19s           2026-09-24T18:06:16
/home/airflow/.local/lib/python3.7/site-packages/airflow/example_dags/tutorial_taskflow_api.py                                             1           0  0.19s           2026-09-24T18:06:16
/home/airflow/.local/lib/python3.7/site-packages/airflow/example_dags/example_xcom.py                                                      1           0  0.19s           2026-09-24T18:06:16
/home/airflow/.local/lib/python3.7/site-packages/airflow/example_dags/tutorial_taskflow_api_virtualenv.py                                  1           0  0.18s           2026-09-24T18:06:16
/home/airflow/.local/lib/python3.7/site-packages/airflow/example_dags/example_time_delta_sensor_async.py                                   1           0  0.16s           2026-09-24T18:06:16
/home/airflow/.local/lib/python3.7/site-packages/airflow/example_dags/example_nested_branch_dag.py                                         1           0  0.21s           2026-09-24T18:06:16
/home/airflow/.local/lib/python3.7/site-packages/airflow/example_dags/example_local_kubernetes_executor.py                                 1           0  0.22s           2026-09-24T18:06:16
/home/airflow/.local/lib/python3.7/site-packages/airflow/example_dags/example_complex.py                                                   1           0  0.23s           2026-09-24T18:06:17
/home/airflow/.local/lib/python3.7/site-packages/airflow/example_dags/example_latest_only_with_trigger.py                                  1           0  0.21s           2026-09-24T18:06:17
/home/airflow/.local/lib/python3.7/site-packages/airflow/example_dags/example_branch_labels.py                                             1           0  0.19s           2026-09-24T18:06:17
/home/airflow/.local/lib/python3.7/site-packages/airflow/example_dags/example_trigger_target_dag.py                                        1           0  0.24s           2026-09-24T18:06:17
/home/airflow/.local/lib/python3.7/site-packages/airflow/example_dags/example_sensor_decorator.py                                          1           0  0.18s           2026-09-24T18:06:17
/home/airflow/.local/lib/python3.7/site-packages/airflow/example_dags/example_trigger_controller_dag.py                                    1           0  0.18s           2026-09-24T18:06:17
/home/airflow/.local/lib/python3.7/site-packages/airflow/example_dags/example_short_circuit_operator.py                                    1           0  0.16s           2026-09-24T18:06:17
/home/airflow/.local/lib/python3.7/site-packages/airflow/example_dags/example_xcomargs.py                                                  2           0  0.20s           2026-09-24T18:06:15
/home/airflow/.local/lib/python3.7/site-packages/airflow/example_dags/example_external_task_marker_dag.py                                  2           0  0.25s           2026-09-24T18:06:17
/home/airflow/.local/lib/python3.7/site-packages/airflow/example_dags/example_subdag_operator.py                                           3           0  0.22s           2026-09-24T18:06:13
/home/airflow/.local/lib/python3.7/site-packages/airflow/example_dags/example_branch_datetime_operator.py                                  3           0  0.27s           2026-09-24T18:06:14
/home/airflow/.local/lib/python3.7/site-packages/airflow/example_dags/example_datasets.py                                                  6           0  0.28s           2026-09-24T18:06:15
================================================================================
[2026-09-24T18:07:14.102+0000] {manager.py:851} INFO - 
================================================================================
DAG File Processing Stats

File Path                                                                                                           PID  Runtime      # DAGs    # Errors  Last Runtime    Last Run
----------------------------------------------------------------------------------------------------------------  -----  ---------  --------  ----------  --------------  -------------------
/home/airflow/.local/lib/python3.7/site-packages/airflow/example_dags/plugins/workday.py                                                   0           0  0.04s           2026-09-24T18:06:48
/home/airflow/.local/lib/python3.7/site-packages/airflow/example_dags/subdags/subdag.py                                                    0           0  0.04s           2026-09-24T18:06:48
/home/airflow/.local/lib/python3.7/site-packages/airflow/example_dags/example_short_circuit_decorator.py            316  0.01s             1           0  0.21s           2026-09-24T18:06:43
/home/airflow/.local/lib/python3.7/site-packages/airflow/example_dags/example_bash_operator.py                      317  0.01s             1           0  0.21s           2026-09-24T18:06:43
/home/airflow/.local/lib/python3.7/site-packages/airflow/example_dags/example_branch_day_of_week_operator.py                               1           0  0.14s           2026-09-24T18:06:43
/home/airflow/.local/lib/python3.7/site-packages/airflow/example_dags/tutorial.py                                                          1           0  0.16s           2026-09-24T18:06:43
/home/airflow/.local/lib/python3.7/site-packages/airflow/example_dags/example_branch_python_dop_operator_3.py                              1           0  0.18s           2026-09-24T18:06:43
/home/airflow/.local/lib/python3.7/site-packages/airflow/example_dags/example_task_group_decorator.py                                      1           0  0.16s           2026-09-24T18:06:43
/home/airflow/.local/lib/python3.7/site-packages/airflow/example_dags/example_passing_params_via_test_command.py                           1           0  0.16s           2026-09-24T18:06:43
/home/airflow/.local/lib/python3.7/site-packages/airflow/example_dags/example_sensors.py                                                   1           0  0.17s           2026-09-24T18:06:43
/home/airflow/.local/lib/python3.7/site-packages/airflow/example_dags/example_python_operator.py                                           1           0  0.18s           2026-09-24T18:06:43
/home/airflow/.local/lib/python3.7/site-packages/airflow/example_dags/tutorial_dag.py                                                      1           0  0.18s           2026-09-24T18:06:44
/home/airflow/.local/lib/python3.7/site-packages/airflow/example_dags/example_task_group.py                                                1           0  0.14s           2026-09-24T18:06:44
/home/airflow/.local/lib/python3.7/site-packages/airflow/example_dags/example_skip_dag.py                                                  1           0  0.14s           2026-09-24T18:06:44
/home/airflow/.local/lib/python3.7/site-packages/airflow/example_dags/example_dag_decorator.py                                             1           0  0.28s           2026-09-24T18:06:46
/home/airflow/.local/lib/python3.7/site-packages/airflow/example_dags/example_sla_dag.py                                                   1           0  0.21s           2026-09-24T18:06:46
/home/airflow/.local/lib/python3.7/site-packages/airflow/example_dags/example_kubernetes_executor.py                                       1           0  0.18s           2026-09-24T18:06:46
/home/airflow/.local/lib/python3.7/site-packages/airflow/example_dags/example_latest_only.py                                               1           0  0.22s           2026-09-24T18:06:46
/home/airflow/.local/lib/python3.7/site-packages/airflow/example_dags/example_branch_operator.py                                           1           0  0.17s           2026-09-24T18:06:46
/home/airflow/.local/lib/python3.7/site-packages/airflow/example_dags/example_branch_operator_decorator.py                                 1           0  0.19s           2026-09-24T18:06:46
/home/airflow/.local/lib/python3.7/site-packages/airflow/example_dags/tutorial_taskflow_api.py                                             1           0  0.18s           2026-09-24T18:06:46
/home/airflow/.local/lib/python3.7/site-packages/airflow/example_dags/example_xcom.py                                                      1           0  0.18s           2026-09-24T18:06:46
/home/airflow/.local/lib/python3.7/site-packages/airflow/example_dags/tutorial_taskflow_api_virtualenv.py                                  1           0  0.17s           2026-09-24T18:06:46
/home/airflow/.local/lib/python3.7/site-packages/airflow/example_dags/example_time_delta_sensor_async.py                                   1           0  0.15s           2026-09-24T18:06:46
/home/airflow/.local/lib/python3.7/site-packages/airflow/example_dags/example_nested_branch_dag.py                                         1           0  0.18s           2026-09-24T18:06:47
/home/airflow/.local/lib/python3.7/site-packages/airflow/example_dags/example_local_kubernetes_executor.py                                 1           0  0.15s           2026-09-24T18:06:47
/home/airflow/.local/lib/python3.7/site-packages/airflow/example_dags/example_complex.py                                                   1           0  0.17s           2026-09-24T18:06:47
/home/airflow/.local/lib/python3.7/site-packages/airflow/example_dags/example_latest_only_with_trigger.py                                  1           0  0.15s           2026-09-24T18:06:47
/home/airflow/.local/lib/python3.7/site-packages/airflow/example_dags/example_branch_labels.py                                             1           0  0.15s           2026-09-24T18:06:47
/home/airflow/.local/lib/python3.7/site-packages/airflow/example_dags/example_trigger_target_dag.py                                        1           0  0.20s           2026-09-24T18:06:48
/home/airflow/.local/lib/python3.7/site-packages/airflow/example_dags/example_sensor_decorator.py                                          1           0  0.20s           2026-09-24T18:06:48
/home/airflow/.local/lib/python3.7/site-packages/airflow/example_dags/example_trigger_controller_dag.py                                    1           0  0.20s           2026-09-24T18:06:48
/home/airflow/.local/lib/python3.7/site-packages/airflow/example_dags/example_short_circuit_operator.py                                    1           0  0.12s           2026-09-24T18:06:48
/home/airflow/.local/lib/python3.7/site-packages/airflow/example_dags/example_xcomargs.py                                                  2           0  0.19s           2026-09-24T18:06:45
/home/airflow/.local/lib/python3.7/site-packages/airflow/example_dags/example_external_task_marker_dag.py                                  2           0  0.12s           2026-09-24T18:06:48
/home/airflow/.local/lib/python3.7/site-packages/airflow/example_dags/example_subdag_operator.py                                           3           0  0.20s           2026-09-24T18:06:44
/home/airflow/.local/lib/python3.7/site-packages/airflow/example_dags/example_branch_datetime_operator.py                                  3           0  0.20s           2026-09-24T18:06:44
/home/airflow/.local/lib/python3.7/site-packages/airflow/example_dags/example_datasets.py                                                  6           0  0.27s           2026-09-24T18:06:45
================================================================================
[2026-09-24T18:07:44.245+0000] {manager.py:851} INFO - 
================================================================================
DAG File Processing Stats

File Path                                                                                                         PID    Runtime      # DAGs    # Errors  Last Runtime    Last Run
----------------------------------------------------------------------------------------------------------------  -----  ---------  --------  ----------  --------------  -------------------
/home/airflow/.local/lib/python3.7/site-packages/airflow/example_dags/plugins/workday.py                                                   0           0  0.03s           2026-09-24T18:07:19
/home/airflow/.local/lib/python3.7/site-packages/airflow/example_dags/subdags/subdag.py                                                    0           0  0.03s           2026-09-24T18:07:19
/home/airflow/.local/lib/python3.7/site-packages/airflow/example_dags/example_short_circuit_decorator.py                                   1           0  0.16s           2026-09-24T18:07:14
/home/airflow/.local/lib/python3.7/site-packages/airflow/example_dags/example_bash_operator.py                                             1           0  0.17s           2026-09-24T18:07:14
/home/airflow/.local/lib/python3.7/site-packages/airflow/example_dags/example_branch_day_of_week_operator.py                               1           0  0.14s           2026-09-24T18:07:14
/home/airflow/.local/lib/python3.7/site-packages/airflow/example_dags/tutorial.py                                                          1           0  0.13s           2026-09-24T18:07:14
/home/airflow/.local/lib/python3.7/site-packages/airflow/example_dags/example_branch_python_dop_operator_3.py                              1           0  0.13s           2026-09-24T18:07:14
/home/airflow/.local/lib/python3.7/site-packages/airflow/example_dags/example_task_group_decorator.py                                      1           0  0.14s           2026-09-24T18:07:14
/home/airflow/.local/lib/python3.7/site-packages/airflow/example_dags/example_passing_params_via_test_command.py                           1           0  0.15s           2026-09-24T18:07:14
/home/airflow/.local/lib/python3.7/site-packages/airflow/example_dags/example_sensors.py                                                   1           0  0.13s           2026-09-24T18:07:14
/home/airflow/.local/lib/python3.7/site-packages/airflow/example_dags/example_python_operator.py                                           1           0  0.14s           2026-09-24T18:07:14
/home/airflow/.local/lib/python3.7/site-packages/airflow/example_dags/tutorial_dag.py                                                      1           0  0.12s           2026-09-24T18:07:14
/home/airflow/.local/lib/python3.7/site-packages/airflow/example_dags/example_task_group.py                                                1           0  0.12s           2026-09-24T18:07:15
/home/airflow/.local/lib/python3.7/site-packages/airflow/example_dags/example_skip_dag.py                                                  1           0  0.13s           2026-09-24T18:07:15
/home/airflow/.local/lib/python3.7/site-packages/airflow/example_dags/example_dag_decorator.py                                             1           0  0.18s           2026-09-24T18:07:16
/home/airflow/.local/lib/python3.7/site-packages/airflow/example_dags/example_sla_dag.py                                                   1           0  0.13s           2026-09-24T18:07:16
/home/airflow/.local/lib/python3.7/site-packages/airflow/example_dags/example_kubernetes_executor.py                                       1           0  0.15s           2026-09-24T18:07:16
/home/airflow/.local/lib/python3.7/site-packages/airflow/example_dags/example_latest_only.py                                               1           0  0.12s           2026-09-24T18:07:16
/home/airflow/.local/lib/python3.7/site-packages/airflow/example_dags/example_branch_operator.py                                           1           0  0.12s           2026-09-24T18:07:16
/home/airflow/.local/lib/python3.7/site-packages/airflow/example_dags/example_branch_operator_decorator.py                                 1           0  0.14s           2026-09-24T18:07:16
/home/airflow/.local/lib/python3.7/site-packages/airflow/example_dags/tutorial_taskflow_api.py                                             1           0  0.14s           2026-09-24T18:07:16
/home/airflow/.local/lib/python3.7/site-packages/airflow/example_dags/example_xcom.py                                                      1           0  0.13s           2026-09-24T18:07:16
/home/airflow/.local/lib/python3.7/site-packages/airflow/example_dags/tutorial_taskflow_api_virtualenv.py                                  1           0  0.14s           2026-09-24T18:07:17
/home/airflow/.local/lib/python3.7/site-packages/airflow/example_dags/example_time_delta_sensor_async.py                                   1           0  0.13s           2026-09-24T18:07:17
/home/airflow/.local/lib/python3.7/site-packages/airflow/example_dags/example_nested_branch_dag.py                                         1           0  0.13s           2026-09-24T18:07:17
/home/airflow/.local/lib/python3.7/site-packages/airflow/example_dags/example_local_kubernetes_executor.py                                 1           0  0.13s           2026-09-24T18:07:17
/home/airflow/.local/lib/python3.7/site-packages/airflow/example_dags/example_complex.py                                                   1           0  0.15s           2026-09-24T18:07:17
/home/airflow/.local/lib/python3.7/site-packages/airflow/example_dags/example_latest_only_with_trigger.py                                  1           0  0.13s           2026-09-24T18:07:17
/home/airflow/.local/lib/python3.7/site-packages/airflow/example_dags/example_branch_labels.py                                             1           0  0.13s           2026-09-24T18:07:17
/home/airflow/.local/lib/python3.7/site-packages/airflow/example_dags/example_trigger_target_dag.py                                        1           0  0.18s           2026-09-24T18:07:18
/home/airflow/.local/lib/python3.7/site-packages/airflow/example_dags/example_sensor_decorator.py                                          1           0  0.17s           2026-09-24T18:07:18
/home/airflow/.local/lib/python3.7/site-packages/airflow/example_dags/example_trigger_controller_dag.py                                    1           0  0.14s           2026-09-24T18:07:18
/home/airflow/.local/lib/python3.7/site-packages/airflow/example_dags/example_short_circuit_operator.py                                    1           0  0.14s           2026-09-24T18:07:19
/home/airflow/.local/lib/python3.7/site-packages/airflow/example_dags/example_xcomargs.py                                                  2           0  0.15s           2026-09-24T18:07:16
/home/airflow/.local/lib/python3.7/site-packages/airflow/example_dags/example_external_task_marker_dag.py                                  2           0  0.14s           2026-09-24T18:07:19
/home/airflow/.local/lib/python3.7/site-packages/airflow/example_dags/example_subdag_operator.py                                           3           0  0.17s           2026-09-24T18:07:14
/home/airflow/.local/lib/python3.7/site-packages/airflow/example_dags/example_branch_datetime_operator.py                                  3           0  0.14s           2026-09-24T18:07:15
/home/airflow/.local/lib/python3.7/site-packages/airflow/example_dags/example_datasets.py                                                  6           0  0.18s           2026-09-24T18:07:16
================================================================================
[2026-09-24T18:08:14.677+0000] {manager.py:851} INFO - 
================================================================================
DAG File Processing Stats

File Path                                                                                                           PID  Runtime      # DAGs    # Errors  Last Runtime    Last Run
----------------------------------------------------------------------------------------------------------------  -----  ---------  --------  ----------  --------------  -------------------
/home/airflow/.local/lib/python3.7/site-packages/airflow/example_dags/plugins/workday.py                                                   0           0  0.07s           2026-09-24T18:07:49
/home/airflow/.local/lib/python3.7/site-packages/airflow/example_dags/subdags/subdag.py                                                    0           0  0.09s           2026-09-24T18:07:49
/home/airflow/.local/lib/python3.7/site-packages/airflow/example_dags/example_short_circuit_decorator.py            492  0.02s             1           0  0.15s           2026-09-24T18:07:44
/home/airflow/.local/lib/python3.7/site-packages/airflow/example_dags/example_bash_operator.py                      493  0.01s             1           0  0.20s           2026-09-24T18:07:44
/home/airflow/.local/lib/python3.7/site-packages/airflow/example_dags/example_branch_day_of_week_operator.py                               1           0  0.19s           2026-09-24T18:07:44
/home/airflow/.local/lib/python3.7/site-packages/airflow/example_dags/tutorial.py                                                          1           0  0.13s           2026-09-24T18:07:44
/home/airflow/.local/lib/python3.7/site-packages/airflow/example_dags/example_branch_python_dop_operator_3.py                              1           0  0.19s           2026-09-24T18:07:44
/home/airflow/.local/lib/python3.7/site-packages/airflow/example_dags/example_task_group_decorator.py                                      1           0  0.18s           2026-09-24T18:07:44
/home/airflow/.local/lib/python3.7/site-packages/airflow/example_dags/example_passing_params_via_test_command.py                           1           0  0.20s           2026-09-24T18:07:45
/home/airflow/.local/lib/python3.7/site-packages/airflow/example_dags/example_sensors.py                                                   1           0  0.19s           2026-09-24T18:07:45
/home/airflow/.local/lib/python3.7/site-packages/airflow/example_dags/example_python_operator.py                                           1           0  0.16s           2026-09-24T18:07:45
/home/airflow/.local/lib/python3.7/site-packages/airflow/example_dags/tutorial_dag.py                                                      1           0  0.21s           2026-09-24T18:07:45
/home/airflow/.local/lib/python3.7/site-packages/airflow/example_dags/example_task_group.py                                                1           0  0.22s           2026-09-24T18:07:45
/home/airflow/.local/lib/python3.7/site-packages/airflow/example_dags/example_skip_dag.py                                                  1           0  0.15s           2026-09-24T18:07:45
/home/airflow/.local/lib/python3.7/site-packages/airflow/example_dags/example_dag_decorator.py                                             1           0  0.22s           2026-09-24T18:07:47
/home/airflow/.local/lib/python3.7/site-packages/airflow/example_dags/example_sla_dag.py                                                   1           0  0.16s           2026-09-24T18:07:47
/home/airflow/.local/lib/python3.7/site-packages/airflow/example_dags/example_kubernetes_executor.py                                       1           0  0.17s           2026-09-24T18:07:47
/home/airflow/.local/lib/python3.7/site-packages/airflow/example_dags/example_latest_only.py                                               1           0  0.15s           2026-09-24T18:07:47
/home/airflow/.local/lib/python3.7/site-packages/airflow/example_dags/example_branch_operator.py                                           1           0  0.14s           2026-09-24T18:07:47
/home/airflow/.local/lib/python3.7/site-packages/airflow/example_dags/example_branch_operator_decorator.py                                 1           0  0.20s           2026-09-24T18:07:47
/home/airflow/.local/lib/python3.7/site-packages/airflow/example_dags/tutorial_taskflow_api.py                                             1           0  0.18s           2026-09-24T18:07:47
/home/airflow/.local/lib/python3.7/site-packages/airflow/example_dags/example_xcom.py                                                      1           0  0.17s           2026-09-24T18:07:47
/home/airflow/.local/lib/python3.7/site-packages/airflow/example_dags/tutorial_taskflow_api_virtualenv.py                                  1           0  0.16s           2026-09-24T18:07:47
/home/airflow/.local/lib/python3.7/site-packages/airflow/example_dags/example_time_delta_sensor_async.py                                   1           0  0.17s           2026-09-24T18:07:48
/home/airflow/.local/lib/python3.7/site-packages/airflow/example_dags/example_nested_branch_dag.py                                         1           0  0.22s           2026-09-24T18:07:48
/home/airflow/.local/lib/python3.7/site-packages/airflow/example_dags/example_local_kubernetes_executor.py                                 1           0  0.21s           2026-09-24T18:07:48
/home/airflow/.local/lib/python3.7/site-packages/airflow/example_dags/example_complex.py                                                   1           0  0.22s           2026-09-24T18:07:48
/home/airflow/.local/lib/python3.7/site-packages/airflow/example_dags/example_latest_only_with_trigger.py                                  1           0  0.20s           2026-09-24T18:07:48
/home/airflow/.local/lib/python3.7/site-packages/airflow/example_dags/example_branch_labels.py                                             1           0  0.16s           2026-09-24T18:07:48
/home/airflow/.local/lib/python3.7/site-packages/airflow/example_dags/example_trigger_target_dag.py                                        1           0  0.19s           2026-09-24T18:07:49
/home/airflow/.local/lib/python3.7/site-packages/airflow/example_dags/example_sensor_decorator.py                                          1           0  0.21s           2026-09-24T18:07:49
/home/airflow/.local/lib/python3.7/site-packages/airflow/example_dags/example_trigger_controller_dag.py                                    1           0  0.21s           2026-09-24T18:07:49
/home/airflow/.local/lib/python3.7/site-packages/airflow/example_dags/example_short_circuit_operator.py                                    1           0  0.21s           2026-09-24T18:07:49
/home/airflow/.local/lib/python3.7/site-packages/airflow/example_dags/example_xcomargs.py                                                  2           0  0.14s           2026-09-24T18:07:46
/home/airflow/.local/lib/python3.7/site-packages/airflow/example_dags/example_external_task_marker_dag.py                                  2           0  0.26s           2026-09-24T18:07:49
/home/airflow/.local/lib/python3.7/site-packages/airflow/example_dags/example_subdag_operator.py                                           3           0  0.20s           2026-09-24T18:07:45
/home/airflow/.local/lib/python3.7/site-packages/airflow/example_dags/example_branch_datetime_operator.py                                  3           0  0.22s           2026-09-24T18:07:45
/home/airflow/.local/lib/python3.7/site-packages/airflow/example_dags/example_datasets.py                                                  6           0  0.18s           2026-09-24T18:07:46
================================================================================
[2026-09-24T18:08:45.386+0000] {manager.py:851} INFO - 
================================================================================
DAG File Processing Stats

File Path                                                                                                           PID  Runtime      # DAGs    # Errors  Last Runtime    Last Run
----------------------------------------------------------------------------------------------------------------  -----  ---------  --------  ----------  --------------  -------------------
/home/airflow/.local/lib/python3.7/site-packages/airflow/example_dags/plugins/workday.py                                                   0           0  0.04s           2026-09-24T18:08:20
/home/airflow/.local/lib/python3.7/site-packages/airflow/example_dags/subdags/subdag.py                                                    0           0  0.04s           2026-09-24T18:08:20
/home/airflow/.local/lib/python3.7/site-packages/airflow/example_dags/example_short_circuit_decorator.py            570  0.02s             1           0  0.21s           2026-09-24T18:08:14
/home/airflow/.local/lib/python3.7/site-packages/airflow/example_dags/example_bash_operator.py                      571  0.01s             1           0  0.20s           2026-09-24T18:08:14
/home/airflow/.local/lib/python3.7/site-packages/airflow/example_dags/example_branch_day_of_week_operator.py                               1           0  0.17s           2026-09-24T18:08:15
/home/airflow/.local/lib/python3.7/site-packages/airflow/example_dags/tutorial.py                                                          1           0  0.17s           2026-09-24T18:08:15
/home/airflow/.local/lib/python3.7/site-packages/airflow/example_dags/example_branch_python_dop_operator_3.py                              1           0  0.17s           2026-09-24T18:08:15
/home/airflow/.local/lib/python3.7/site-packages/airflow/example_dags/example_task_group_decorator.py                                      1           0  0.16s           2026-09-24T18:08:15
/home/airflow/.local/lib/python3.7/site-packages/airflow/example_dags/example_passing_params_via_test_command.py                           1           0  0.15s           2026-09-24T18:08:15
/home/airflow/.local/lib/python3.7/site-packages/airflow/example_dags/example_sensors.py                                                   1           0  0.14s           2026-09-24T18:08:15
/home/airflow/.local/lib/python3.7/site-packages/airflow/example_dags/example_python_operator.py                                           1           0  0.15s           2026-09-24T18:08:15
/home/airflow/.local/lib/python3.7/site-packages/airflow/example_dags/tutorial_dag.py                                                      1           0  0.13s           2026-09-24T18:08:15
/home/airflow/.local/lib/python3.7/site-packages/airflow/example_dags/example_task_group.py                                                1           0  0.13s           2026-09-24T18:08:16
/home/airflow/.local/lib/python3.7/site-packages/airflow/example_dags/example_skip_dag.py                                                  1           0  0.13s           2026-09-24T18:08:16
/home/airflow/.local/lib/python3.7/site-packages/airflow/example_dags/example_dag_decorator.py                                             1           0  0.18s           2026-09-24T18:08:17
/home/airflow/.local/lib/python3.7/site-packages/airflow/example_dags/example_sla_dag.py                                                   1           0  0.14s           2026-09-24T18:08:17
/home/airflow/.local/lib/python3.7/site-packages/airflow/example_dags/example_kubernetes_executor.py                                       1           0  0.17s           2026-09-24T18:08:17
/home/airflow/.local/lib/python3.7/site-packages/airflow/example_dags/example_latest_only.py                                               1           0  0.15s           2026-09-24T18:08:17
/home/airflow/.local/lib/python3.7/site-packages/airflow/example_dags/example_branch_operator.py                                           1           0  0.16s           2026-09-24T18:08:17
/home/airflow/.local/lib/python3.7/site-packages/airflow/example_dags/example_branch_operator_decorator.py                                 1           0  0.18s           2026-09-24T18:08:17
/home/airflow/.local/lib/python3.7/site-packages/airflow/example_dags/tutorial_taskflow_api.py                                             1           0  0.15s           2026-09-24T18:08:17
/home/airflow/.local/lib/python3.7/site-packages/airflow/example_dags/example_xcom.py                                                      1           0  0.17s           2026-09-24T18:08:18
/home/airflow/.local/lib/python3.7/site-packages/airflow/example_dags/tutorial_taskflow_api_virtualenv.py                                  1           0  0.16s           2026-09-24T18:08:18
/home/airflow/.local/lib/python3.7/site-packages/airflow/example_dags/example_time_delta_sensor_async.py                                   1           0  0.14s           2026-09-24T18:08:18
/home/airflow/.local/lib/python3.7/site-packages/airflow/example_dags/example_nested_branch_dag.py                                         1           0  0.14s           2026-09-24T18:08:18
/home/airflow/.local/lib/python3.7/site-packages/airflow/example_dags/example_local_kubernetes_executor.py                                 1           0  0.18s           2026-09-24T18:08:19
/home/airflow/.local/lib/python3.7/site-packages/airflow/example_dags/example_complex.py                                                   1           0  0.16s           2026-09-24T18:08:19
/home/airflow/.local/lib/python3.7/site-packages/airflow/example_dags/example_latest_only_with_trigger.py                                  1           0  0.13s           2026-09-24T18:08:19
/home/airflow/.local/lib/python3.7/site-packages/airflow/example_dags/example_branch_labels.py                                             1           0  0.13s           2026-09-24T18:08:19
/home/airflow/.local/lib/python3.7/site-packages/airflow/example_dags/example_trigger_target_dag.py                                        1           0  0.14s           2026-09-24T18:08:19
/home/airflow/.local/lib/python3.7/site-packages/airflow/example_dags/example_sensor_decorator.py                                          1           0  0.13s           2026-09-24T18:08:19
/home/airflow/.local/lib/python3.7/site-packages/airflow/example_dags/example_trigger_controller_dag.py                                    1           0  0.14s           2026-09-24T18:08:19
/home/airflow/.local/lib/python3.7/site-packages/airflow/example_dags/example_short_circuit_operator.py                                    1           0  0.15s           2026-09-24T18:08:20
/home/airflow/.local/lib/python3.7/site-packages/airflow/example_dags/example_xcomargs.py                                                  2           0  0.14s           2026-09-24T18:08:17
/home/airflow/.local/lib/python3.7/site-packages/airflow/example_dags/example_external_task_marker_dag.py                                  2           0  0.13s           2026-09-24T18:08:20
/home/airflow/.local/lib/python3.7/site-packages/airflow/example_dags/example_subdag_operator.py                                           3           0  0.17s           2026-09-24T18:08:15
/home/airflow/.local/lib/python3.7/site-packages/airflow/example_dags/example_branch_datetime_operator.py                                  3           0  0.14s           2026-09-24T18:08:16
/home/airflow/.local/lib/python3.7/site-packages/airflow/example_dags/example_datasets.py                                                  6           0  0.16s           2026-09-24T18:08:17
================================================================================
[2026-09-24T18:09:15.609+0000] {manager.py:851} INFO - 
================================================================================
DAG File Processing Stats

File Path                                                                                                           PID  Runtime      # DAGs    # Errors  Last Runtime    Last Run
----------------------------------------------------------------------------------------------------------------  -----  ---------  --------  ----------  --------------  -------------------
/home/airflow/.local/lib/python3.7/site-packages/airflow/example_dags/plugins/workday.py                                                   0           0  0.05s           2026-09-24T18:08:51
/home/airflow/.local/lib/python3.7/site-packages/airflow/example_dags/subdags/subdag.py                                                    0           0  0.07s           2026-09-24T18:08:51
/home/airflow/.local/lib/python3.7/site-packages/airflow/example_dags/example_short_circuit_decorator.py                                   1           0  0.25s           2026-09-24T18:08:45
/home/airflow/.local/lib/python3.7/site-packages/airflow/example_dags/example_bash_operator.py                      648  0.01s             1           0  0.23s           2026-09-24T18:08:45
/home/airflow/.local/lib/python3.7/site-packages/airflow/example_dags/example_branch_day_of_week_operator.py                               1           0  0.14s           2026-09-24T18:08:45
/home/airflow/.local/lib/python3.7/site-packages/airflow/example_dags/tutorial.py                                                          1           0  0.17s           2026-09-24T18:08:45
/home/airflow/.local/lib/python3.7/site-packages/airflow/example_dags/example_branch_python_dop_operator_3.py                              1           0  0.18s           2026-09-24T18:08:45
/home/airflow/.local/lib/python3.7/site-packages/airflow/example_dags/example_task_group_decorator.py                                      1           0  0.26s           2026-09-24T18:08:46
/home/airflow/.local/lib/python3.7/site-packages/airflow/example_dags/example_passing_params_via_test_command.py                           1           0  0.27s           2026-09-24T18:08:46
/home/airflow/.local/lib/python3.7/site-packages/airflow/example_dags/example_sensors.py                                                   1           0  0.21s           2026-09-24T18:08:46
/home/airflow/.local/lib/python3.7/site-packages/airflow/example_dags/example_python_operator.py                                           1           0  0.24s           2026-09-24T18:08:46
/home/airflow/.local/lib/python3.7/site-packages/airflow/example_dags/tutorial_dag.py                                                      1           0  0.14s           2026-09-24T18:08:46
/home/airflow/.local/lib/python3.7/site-packages/airflow/example_dags/example_task_group.py                                                1           0  0.24s           2026-09-24T18:08:47
/home/airflow/.local/lib/python3.7/site-packages/airflow/example_dags/example_skip_dag.py                                                  1           0  0.17s           2026-09-24T18:08:48
/home/airflow/.local/lib/python3.7/site-packages/airflow/example_dags/example_dag_decorator.py                                             1           0  0.20s           2026-09-24T18:08:48
/home/airflow/.local/lib/python3.7/site-packages/airflow/example_dags/example_sla_dag.py                                                   1           0  0.16s           2026-09-24T18:08:48
/home/airflow/.local/lib/python3.7/site-packages/airflow/example_dags/example_kubernetes_executor.py                                       1           0  0.16s           2026-09-24T18:08:48
/home/airflow/.local/lib/python3.7/site-packages/airflow/example_dags/example_latest_only.py                                               1           0  0.13s           2026-09-24T18:08:48
/home/airflow/.local/lib/python3.7/site-packages/airflow/example_dags/example_branch_operator.py                                           1           0  0.15s           2026-09-24T18:08:48
/home/airflow/.local/lib/python3.7/site-packages/airflow/example_dags/example_branch_operator_decorator.py                                 1           0  0.14s           2026-09-24T18:08:48
/home/airflow/.local/lib/python3.7/site-packages/airflow/example_dags/tutorial_taskflow_api.py                                             1           0  0.13s           2026-09-24T18:08:48
/home/airflow/.local/lib/python3.7/site-packages/airflow/example_dags/example_xcom.py                                                      1           0  0.17s           2026-09-24T18:08:48
/home/airflow/.local/lib/python3.7/site-packages/airflow/example_dags/tutorial_taskflow_api_virtualenv.py                                  1           0  0.14s           2026-09-24T18:08:49
/home/airflow/.local/lib/python3.7/site-packages/airflow/example_dags/example_time_delta_sensor_async.py                                   1           0  0.14s           2026-09-24T18:08:49
/home/airflow/.local/lib/python3.7/site-packages/airflow/example_dags/example_nested_branch_dag.py                                         1           0  0.16s           2026-09-24T18:08:49
/home/airflow/.local/lib/python3.7/site-packages/airflow/example_dags/example_local_kubernetes_executor.py                                 1           0  0.29s           2026-09-24T18:08:50
/home/airflow/.local/lib/python3.7/site-packages/airflow/example_dags/example_complex.py                                                   1           0  0.27s           2026-09-24T18:08:50
/home/airflow/.local/lib/python3.7/site-packages/airflow/example_dags/example_latest_only_with_trigger.py                                  1           0  0.18s           2026-09-24T18:08:50
/home/airflow/.local/lib/python3.7/site-packages/airflow/example_dags/example_branch_labels.py                                             1           0  0.22s           2026-09-24T18:08:50
/home/airflow/.local/lib/python3.7/site-packages/airflow/example_dags/example_trigger_target_dag.py                                        1           0  0.23s           2026-09-24T18:08:50
/home/airflow/.local/lib/python3.7/site-packages/airflow/example_dags/example_sensor_decorator.py                                          1           0  0.20s           2026-09-24T18:08:50
/home/airflow/.local/lib/python3.7/site-packages/airflow/example_dags/example_trigger_controller_dag.py                                    1           0  0.16s           2026-09-24T18:08:51
/home/airflow/.local/lib/python3.7/site-packages/airflow/example_dags/example_short_circuit_operator.py                                    1           0  0.18s           2026-09-24T18:08:51
/home/airflow/.local/lib/python3.7/site-packages/airflow/example_dags/example_xcomargs.py                                                  2           0  0.14s           2026-09-24T18:08:48
/home/airflow/.local/lib/python3.7/site-packages/airflow/example_dags/example_external_task_marker_dag.py                                  2           0  0.17s           2026-09-24T18:08:51
/home/airflow/.local/lib/python3.7/site-packages/airflow/example_dags/example_subdag_operator.py                                           3           0  0.20s           2026-09-24T18:08:46
/home/airflow/.local/lib/python3.7/site-packages/airflow/example_dags/example_branch_datetime_operator.py                                  3           0  0.24s           2026-09-24T18:08:47
/home/airflow/.local/lib/python3.7/site-packages/airflow/example_dags/example_datasets.py                                                  6           0  0.22s           2026-09-24T18:08:48
================================================================================
[2026-09-24T18:09:45.620+0000] {manager.py:851} INFO - 
================================================================================
DAG File Processing Stats

File Path                                                                                                         PID    Runtime      # DAGs    # Errors  Last Runtime    Last Run
----------------------------------------------------------------------------------------------------------------  -----  ---------  --------  ----------  --------------  -------------------
/home/airflow/.local/lib/python3.7/site-packages/airflow/example_dags/plugins/workday.py                                                   0           0  0.05s           2026-09-24T18:09:22
/home/airflow/.local/lib/python3.7/site-packages/airflow/example_dags/subdags/subdag.py                                                    0           0  0.06s           2026-09-24T18:09:22
/home/airflow/.local/lib/python3.7/site-packages/airflow/example_dags/example_short_circuit_decorator.py                                   1           0  0.26s           2026-09-24T18:09:15
/home/airflow/.local/lib/python3.7/site-packages/airflow/example_dags/example_bash_operator.py                                             1           0  0.28s           2026-09-24T18:09:15
/home/airflow/.local/lib/python3.7/site-packages/airflow/example_dags/example_branch_day_of_week_operator.py                               1           0  0.24s           2026-09-24T18:09:16
/home/airflow/.local/lib/python3.7/site-packages/airflow/example_dags/tutorial.py                                                          1           0  0.23s           2026-09-24T18:09:16
/home/airflow/.local/lib/python3.7/site-packages/airflow/example_dags/example_branch_python_dop_operator_3.py                              1           0  0.27s           2026-09-24T18:09:16
/home/airflow/.local/lib/python3.7/site-packages/airflow/example_dags/example_task_group_decorator.py                                      1           0  0.29s           2026-09-24T18:09:16
/home/airflow/.local/lib/python3.7/site-packages/airflow/example_dags/example_passing_params_via_test_command.py                           1           0  0.27s           2026-09-24T18:09:16
/home/airflow/.local/lib/python3.7/site-packages/airflow/example_dags/example_sensors.py                                                   1           0  0.25s           2026-09-24T18:09:16
/home/airflow/.local/lib/python3.7/site-packages/airflow/example_dags/example_python_operator.py                                           1           0  0.27s           2026-09-24T18:09:16
/home/airflow/.local/lib/python3.7/site-packages/airflow/example_dags/tutorial_dag.py                                                      1           0  0.21s           2026-09-24T18:09:17
/home/airflow/.local/lib/python3.7/site-packages/airflow/example_dags/example_task_group.py                                                1           0  0.26s           2026-09-24T18:09:18
/home/airflow/.local/lib/python3.7/site-packages/airflow/example_dags/example_skip_dag.py                                                  1           0  0.24s           2026-09-24T18:09:18
/home/airflow/.local/lib/python3.7/site-packages/airflow/example_dags/example_dag_decorator.py                                             1           0  0.33s           2026-09-24T18:09:19
/home/airflow/.local/lib/python3.7/site-packages/airflow/example_dags/example_sla_dag.py                                                   1           0  0.21s           2026-09-24T18:09:19
/home/airflow/.local/lib/python3.7/site-packages/airflow/example_dags/example_kubernetes_executor.py                                       1           0  0.28s           2026-09-24T18:09:19
/home/airflow/.local/lib/python3.7/site-packages/airflow/example_dags/example_latest_only.py                                               1           0  0.22s           2026-09-24T18:09:19
/home/airflow/.local/lib/python3.7/site-packages/airflow/example_dags/example_branch_operator.py                                           1           0  0.18s           2026-09-24T18:09:19
/home/airflow/.local/lib/python3.7/site-packages/airflow/example_dags/example_branch_operator_decorator.py                                 1           0  0.20s           2026-09-24T18:09:19
/home/airflow/.local/lib/python3.7/site-packages/airflow/example_dags/tutorial_taskflow_api.py                                             1           0  0.19s           2026-09-24T18:09:19
/home/airflow/.local/lib/python3.7/site-packages/airflow/example_dags/example_xcom.py                                                      1           0  0.21s           2026-09-24T18:09:19
/home/airflow/.local/lib/python3.7/site-packages/airflow/example_dags/tutorial_taskflow_api_virtualenv.py                                  1           0  0.27s           2026-09-24T18:09:19
/home/airflow/.local/lib/python3.7/site-packages/airflow/example_dags/example_time_delta_sensor_async.py                                   1           0  0.31s           2026-09-24T18:09:20
/home/airflow/.local/lib/python3.7/site-packages/airflow/example_dags/example_nested_branch_dag.py                                         1           0  0.22s           2026-09-24T18:09:20
/home/airflow/.local/lib/python3.7/site-packages/airflow/example_dags/example_local_kubernetes_executor.py                                 1           0  0.31s           2026-09-24T18:09:21
/home/airflow/.local/lib/python3.7/site-packages/airflow/example_dags/example_complex.py                                                   1           0  0.29s           2026-09-24T18:09:21
/home/airflow/.local/lib/python3.7/site-packages/airflow/example_dags/example_latest_only_with_trigger.py                                  1           0  0.20s           2026-09-24T18:09:21
/home/airflow/.local/lib/python3.7/site-packages/airflow/example_dags/example_branch_labels.py                                             1           0  0.22s           2026-09-24T18:09:21
/home/airflow/.local/lib/python3.7/site-packages/airflow/example_dags/example_trigger_target_dag.py                                        1           0  0.39s           2026-09-24T18:09:22
/home/airflow/.local/lib/python3.7/site-packages/airflow/example_dags/example_sensor_decorator.py                                          1           0  0.40s           2026-09-24T18:09:22
/home/airflow/.local/lib/python3.7/site-packages/airflow/example_dags/example_trigger_controller_dag.py                                    1           0  0.18s           2026-09-24T18:09:22
/home/airflow/.local/lib/python3.7/site-packages/airflow/example_dags/example_short_circuit_operator.py                                    1           0  0.17s           2026-09-24T18:09:22
/home/airflow/.local/lib/python3.7/site-packages/airflow/example_dags/example_xcomargs.py                                                  2           0  0.25s           2026-09-24T18:09:18
/home/airflow/.local/lib/python3.7/site-packages/airflow/example_dags/example_external_task_marker_dag.py                                  2           0  0.21s           2026-09-24T18:09:22
/home/airflow/.local/lib/python3.7/site-packages/airflow/example_dags/example_subdag_operator.py                                           3           0  0.31s           2026-09-24T18:09:17
/home/airflow/.local/lib/python3.7/site-packages/airflow/example_dags/example_branch_datetime_operator.py                                  3           0  0.31s           2026-09-24T18:09:18
/home/airflow/.local/lib/python3.7/site-packages/airflow/example_dags/example_datasets.py                                                  6           0  0.29s           2026-09-24T18:09:18
================================================================================
[2026-09-24T18:10:15.930+0000] {manager.py:851} INFO - 
================================================================================
DAG File Processing Stats

File Path                                                                                                         PID    Runtime      # DAGs    # Errors  Last Runtime    Last Run
----------------------------------------------------------------------------------------------------------------  -----  ---------  --------  ----------  --------------  -------------------
/home/airflow/.local/lib/python3.7/site-packages/airflow/example_dags/plugins/workday.py                                                   0           0  0.07s           2026-09-24T18:09:52
/home/airflow/.local/lib/python3.7/site-packages/airflow/example_dags/subdags/subdag.py                                                    0           0  0.05s           2026-09-24T18:09:52
/home/airflow/.local/lib/python3.7/site-packages/airflow/example_dags/example_short_circuit_decorator.py                                   1           0  0.26s           2026-09-24T18:09:46
/home/airflow/.local/lib/python3.7/site-packages/airflow/example_dags/example_bash_operator.py                                             1           0  0.27s           2026-09-24T18:09:46
/home/airflow/.local/lib/python3.7/site-packages/airflow/example_dags/example_branch_day_of_week_operator.py                               1           0  0.21s           2026-09-24T18:09:47
/home/airflow/.local/lib/python3.7/site-packages/airflow/example_dags/tutorial.py                                                          1           0  0.20s           2026-09-24T18:09:47
/home/airflow/.local/lib/python3.7/site-packages/airflow/example_dags/example_branch_python_dop_operator_3.py                              1           0  0.20s           2026-09-24T18:09:47
/home/airflow/.local/lib/python3.7/site-packages/airflow/example_dags/example_task_group_decorator.py                                      1           0  0.19s           2026-09-24T18:09:47
/home/airflow/.local/lib/python3.7/site-packages/airflow/example_dags/example_passing_params_via_test_command.py                           1           0  0.20s           2026-09-24T18:09:47
/home/airflow/.local/lib/python3.7/site-packages/airflow/example_dags/example_sensors.py                                                   1           0  0.17s           2026-09-24T18:09:47
/home/airflow/.local/lib/python3.7/site-packages/airflow/example_dags/example_python_operator.py                                           1           0  0.21s           2026-09-24T18:09:47
/home/airflow/.local/lib/python3.7/site-packages/airflow/example_dags/tutorial_dag.py                                                      1           0  0.32s           2026-09-24T18:09:48
/home/airflow/.local/lib/python3.7/site-packages/airflow/example_dags/example_task_group.py                                                1           0  0.39s           2026-09-24T18:09:49
/home/airflow/.local/lib/python3.7/site-packages/airflow/example_dags/example_skip_dag.py                                                  1           0  0.36s           2026-09-24T18:09:49
/home/airflow/.local/lib/python3.7/site-packages/airflow/example_dags/example_dag_decorator.py                                             1           0  0.45s           2026-09-24T18:09:50
/home/airflow/.local/lib/python3.7/site-packages/airflow/example_dags/example_sla_dag.py                                                   1           0  0.30s           2026-09-24T18:09:50
/home/airflow/.local/lib/python3.7/site-packages/airflow/example_dags/example_kubernetes_executor.py                                       1           0  0.18s           2026-09-24T18:09:50
/home/airflow/.local/lib/python3.7/site-packages/airflow/example_dags/example_latest_only.py                                               1           0  0.20s           2026-09-24T18:09:50
/home/airflow/.local/lib/python3.7/site-packages/airflow/example_dags/example_branch_operator.py                                           1           0  0.21s           2026-09-24T18:09:50
/home/airflow/.local/lib/python3.7/site-packages/airflow/example_dags/example_branch_operator_decorator.py                                 1           0  0.24s           2026-09-24T18:09:51
/home/airflow/.local/lib/python3.7/site-packages/airflow/example_dags/tutorial_taskflow_api.py                                             1           0  0.25s           2026-09-24T18:09:51
/home/airflow/.local/lib/python3.7/site-packages/airflow/example_dags/example_xcom.py                                                      1           0  0.24s           2026-09-24T18:09:51
/home/airflow/.local/lib/python3.7/site-packages/airflow/example_dags/tutorial_taskflow_api_virtualenv.py                                  1           0  0.23s           2026-09-24T18:09:51
/home/airflow/.local/lib/python3.7/site-packages/airflow/example_dags/example_time_delta_sensor_async.py                                   1           0  0.22s           2026-09-24T18:09:51
/home/airflow/.local/lib/python3.7/site-packages/airflow/example_dags/example_nested_branch_dag.py                                         1           0  0.27s           2026-09-24T18:09:51
/home/airflow/.local/lib/python3.7/site-packages/airflow/example_dags/example_local_kubernetes_executor.py                                 1           0  0.26s           2026-09-24T18:09:51
/home/airflow/.local/lib/python3.7/site-packages/airflow/example_dags/example_complex.py                                                   1           0  0.25s           2026-09-24T18:09:51
/home/airflow/.local/lib/python3.7/site-packages/airflow/example_dags/example_latest_only_with_trigger.py                                  1           0  0.17s           2026-09-24T18:09:52
/home/airflow/.local/lib/python3.7/site-packages/airflow/example_dags/example_branch_labels.py                                             1           0  0.20s           2026-09-24T18:09:52
/home/airflow/.local/lib/python3.7/site-packages/airflow/example_dags/example_trigger_target_dag.py                                        1           0  0.22s           2026-09-24T18:09:52
/home/airflow/.local/lib/python3.7/site-packages/airflow/example_dags/example_sensor_decorator.py                                          1           0  0.25s           2026-09-24T18:09:52
/home/airflow/.local/lib/python3.7/site-packages/airflow/example_dags/example_trigger_controller_dag.py                                    1           0  0.22s           2026-09-24T18:09:52
/home/airflow/.local/lib/python3.7/site-packages/airflow/example_dags/example_short_circuit_operator.py                                    1           0  0.25s           2026-09-24T18:09:52
/home/airflow/.local/lib/python3.7/site-packages/airflow/example_dags/example_xcomargs.py                                                  2           0  0.37s           2026-09-24T18:09:50
/home/airflow/.local/lib/python3.7/site-packages/airflow/example_dags/example_external_task_marker_dag.py                                  2           0  0.19s           2026-09-24T18:09:52
/home/airflow/.local/lib/python3.7/site-packages/airflow/example_dags/example_subdag_operator.py                                           3           0  0.37s           2026-09-24T18:09:48
/home/airflow/.local/lib/python3.7/site-packages/airflow/example_dags/example_branch_datetime_operator.py                                  3           0  0.52s           2026-09-24T18:09:49
/home/airflow/.local/lib/python3.7/site-packages/airflow/example_dags/example_datasets.py                                                  6           0  0.39s           2026-09-24T18:09:50
================================================================================
[2026-09-24T18:10:41.560+0000] {manager.py:726} INFO - Searching for files in /opt/airflow/dags
[2026-09-24T18:10:41.568+0000] {manager.py:729} INFO - There are 38 files in /opt/airflow/dags
[2026-09-24T18:10:46.622+0000] {manager.py:851} INFO - 
================================================================================
DAG File Processing Stats

File Path                                                                                                         PID    Runtime      # DAGs    # Errors  Last Runtime    Last Run
----------------------------------------------------------------------------------------------------------------  -----  ---------  --------  ----------  --------------  -------------------
/home/airflow/.local/lib/python3.7/site-packages/airflow/example_dags/plugins/workday.py                                                   0           0  0.04s           2026-09-24T18:10:23
/home/airflow/.local/lib/python3.7/site-packages/airflow/example_dags/subdags/subdag.py                                                    0           0  0.04s           2026-09-24T18:10:23
/home/airflow/.local/lib/python3.7/site-packages/airflow/example_dags/example_short_circuit_decorator.py                                   1           0  0.16s           2026-09-24T18:10:17
/home/airflow/.local/lib/python3.7/site-packages/airflow/example_dags/example_bash_operator.py                                             1           0  0.17s           2026-09-24T18:10:17
/home/airflow/.local/lib/python3.7/site-packages/airflow/example_dags/example_branch_day_of_week_operator.py                               1           0  0.13s           2026-09-24T18:10:17
/home/airflow/.local/lib/python3.7/site-packages/airflow/example_dags/tutorial.py                                                          1           0  0.13s           2026-09-24T18:10:17
/home/airflow/.local/lib/python3.7/site-packages/airflow/example_dags/example_branch_python_dop_operator_3.py                              1           0  0.16s           2026-09-24T18:10:17
/home/airflow/.local/lib/python3.7/site-packages/airflow/example_dags/example_task_group_decorator.py                                      1           0  0.17s           2026-09-24T18:10:17
/home/airflow/.local/lib/python3.7/site-packages/airflow/example_dags/example_passing_params_via_test_command.py                           1           0  0.15s           2026-09-24T18:10:17
/home/airflow/.local/lib/python3.7/site-packages/airflow/example_dags/example_sensors.py                                                   1           0  0.16s           2026-09-24T18:10:17
/home/airflow/.local/lib/python3.7/site-packages/airflow/example_dags/example_python_operator.py                                           1           0  0.15s           2026-09-24T18:10:18
/home/airflow/.local/lib/python3.7/site-packages/airflow/example_dags/tutorial_dag.py                                                      1           0  0.13s           2026-09-24T18:10:19
/home/airflow/.local/lib/python3.7/site-packages/airflow/example_dags/example_task_group.py                                                1           0  0.14s           2026-09-24T18:10:20
/home/airflow/.local/lib/python3.7/site-packages/airflow/example_dags/example_skip_dag.py                                                  1           0  0.11s           2026-09-24T18:10:20
/home/airflow/.local/lib/python3.7/site-packages/airflow/example_dags/example_dag_decorator.py                                             1           0  0.24s           2026-09-24T18:10:21
/home/airflow/.local/lib/python3.7/site-packages/airflow/example_dags/example_sla_dag.py                                                   1           0  0.17s           2026-09-24T18:10:21
/home/airflow/.local/lib/python3.7/site-packages/airflow/example_dags/example_kubernetes_executor.py                                       1           0  0.19s           2026-09-24T18:10:21
/home/airflow/.local/lib/python3.7/site-packages/airflow/example_dags/example_latest_only.py                                               1           0  0.17s           2026-09-24T18:10:21
/home/airflow/.local/lib/python3.7/site-packages/airflow/example_dags/example_branch_operator.py                                           1           0  0.19s           2026-09-24T18:10:21
/home/airflow/.local/lib/python3.7/site-packages/airflow/example_dags/example_branch_operator_decorator.py                                 1           0  0.22s           2026-09-24T18:10:22
/home/airflow/.local/lib/python3.7/site-packages/airflow/example_dags/tutorial_taskflow_api.py                                             1           0  0.18s           2026-09-24T18:10:22
/home/airflow/.local/lib/python3.7/site-packages/airflow/example_dags/example_xcom.py                                                      1           0  0.20s           2026-09-24T18:10:22
/home/airflow/.local/lib/python3.7/site-packages/airflow/example_dags/tutorial_taskflow_api_virtualenv.py                                  1           0  0.18s           2026-09-24T18:10:22
/home/airflow/.local/lib/python3.7/site-packages/airflow/example_dags/example_time_delta_sensor_async.py                                   1           0  0.17s           2026-09-24T18:10:22
/home/airflow/.local/lib/python3.7/site-packages/airflow/example_dags/example_nested_branch_dag.py                                         1           0  0.22s           2026-09-24T18:10:22
/home/airflow/.local/lib/python3.7/site-packages/airflow/example_dags/example_local_kubernetes_executor.py                                 1           0  0.23s           2026-09-24T18:10:22
/home/airflow/.local/lib/python3.7/site-packages/airflow/example_dags/example_complex.py                                                   1           0  0.24s           2026-09-24T18:10:22
/home/airflow/.local/lib/python3.7/site-packages/airflow/example_dags/example_latest_only_with_trigger.py                                  1           0  0.18s           2026-09-24T18:10:22
/home/airflow/.local/lib/python3.7/site-packages/airflow/example_dags/example_branch_labels.py                                             1           0  0.16s           2026-09-24T18:10:23
/home/airflow/.local/lib/python3.7/site-packages/airflow/example_dags/example_trigger_target_dag.py                                        1           0  0.17s           2026-09-24T18:10:23
/home/airflow/.local/lib/python3.7/site-packages/airflow/example_dags/example_sensor_decorator.py                                          1           0  0.16s           2026-09-24T18:10:23
/home/airflow/.local/lib/python3.7/site-packages/airflow/example_dags/example_trigger_controller_dag.py                                    1           0  0.16s           2026-09-24T18:10:23
/home/airflow/.local/lib/python3.7/site-packages/airflow/example_dags/example_short_circuit_operator.py                                    1           0  0.20s           2026-09-24T18:10:23
/home/airflow/.local/lib/python3.7/site-packages/airflow/example_dags/example_xcomargs.py                                                  2           0  0.18s           2026-09-24T18:10:20
/home/airflow/.local/lib/python3.7/site-packages/airflow/example_dags/example_external_task_marker_dag.py                                  2           0  0.16s           2026-09-24T18:10:23
/home/airflow/.local/lib/python3.7/site-packages/airflow/example_dags/example_subdag_operator.py                                           3           0  0.16s           2026-09-24T18:10:19
/home/airflow/.local/lib/python3.7/site-packages/airflow/example_dags/example_branch_datetime_operator.py                                  3           0  0.15s           2026-09-24T18:10:20
/home/airflow/.local/lib/python3.7/site-packages/airflow/example_dags/example_datasets.py                                                  6           0  0.19s           2026-09-24T18:10:20
================================================================================
[2026-09-24T18:11:17.081+0000] {manager.py:851} INFO - 
================================================================================
DAG File Processing Stats

File Path                                                                                                         PID    Runtime      # DAGs    # Errors  Last Runtime    Last Run
----------------------------------------------------------------------------------------------------------------  -----  ---------  --------  ----------  --------------  -------------------
/home/airflow/.local/lib/python3.7/site-packages/airflow/example_dags/plugins/workday.py                                                   0           0  0.04s           2026-09-24T18:10:53
/home/airflow/.local/lib/python3.7/site-packages/airflow/example_dags/subdags/subdag.py                                                    0           0  0.05s           2026-09-24T18:10:53
/home/airflow/.local/lib/python3.7/site-packages/airflow/example_dags/example_short_circuit_decorator.py                                   1           0  0.18s           2026-09-24T18:10:47
/home/airflow/.local/lib/python3.7/site-packages/airflow/example_dags/example_bash_operator.py                                             1           0  0.18s           2026-09-24T18:10:47
/home/airflow/.local/lib/python3.7/site-packages/airflow/example_dags/example_branch_day_of_week_operator.py                               1           0  0.18s           2026-09-24T18:10:47
/home/airflow/.local/lib/python3.7/site-packages/airflow/example_dags/tutorial.py                                                          1           0  0.16s           2026-09-24T18:10:48
/home/airflow/.local/lib/python3.7/site-packages/airflow/example_dags/example_branch_python_dop_operator_3.py                              1           0  0.17s           2026-09-24T18:10:48
/home/airflow/.local/lib/python3.7/site-packages/airflow/example_dags/example_task_group_decorator.py                                      1           0  0.19s           2026-09-24T18:10:48
/home/airflow/.local/lib/python3.7/site-packages/airflow/example_dags/example_passing_params_via_test_command.py                           1           0  0.16s           2026-09-24T18:10:48
/home/airflow/.local/lib/python3.7/site-packages/airflow/example_dags/example_sensors.py                                                   1           0  0.14s           2026-09-24T18:10:48
/home/airflow/.local/lib/python3.7/site-packages/airflow/example_dags/example_python_operator.py                                           1           0  0.15s           2026-09-24T18:10:48
/home/airflow/.local/lib/python3.7/site-packages/airflow/example_dags/tutorial_dag.py                                                      1           0  0.13s           2026-09-24T18:10:49
/home/airflow/.local/lib/python3.7/site-packages/airflow/example_dags/example_task_group.py                                                1           0  0.18s           2026-09-24T18:10:50
/home/airflow/.local/lib/python3.7/site-packages/airflow/example_dags/example_skip_dag.py                                                  1           0  0.15s           2026-09-24T18:10:50
/home/airflow/.local/lib/python3.7/site-packages/airflow/example_dags/example_dag_decorator.py                                             1           0  0.23s           2026-09-24T18:10:52
/home/airflow/.local/lib/python3.7/site-packages/airflow/example_dags/example_sla_dag.py                                                   1           0  0.19s           2026-09-24T18:10:52
/home/airflow/.local/lib/python3.7/site-packages/airflow/example_dags/example_kubernetes_executor.py                                       1           0  0.19s           2026-09-24T18:10:52
/home/airflow/.local/lib/python3.7/site-packages/airflow/example_dags/example_latest_only.py                                               1           0  0.16s           2026-09-24T18:10:52
/home/airflow/.local/lib/python3.7/site-packages/airflow/example_dags/example_branch_operator.py                                           1           0  0.14s           2026-09-24T18:10:52
/home/airflow/.local/lib/python3.7/site-packages/airflow/example_dags/example_branch_operator_decorator.py                                 1           0  0.15s           2026-09-24T18:10:52
/home/airflow/.local/lib/python3.7/site-packages/airflow/example_dags/tutorial_taskflow_api.py                                             1           0  0.15s           2026-09-24T18:10:52
/home/airflow/.local/lib/python3.7/site-packages/airflow/example_dags/example_xcom.py                                                      1           0  0.15s           2026-09-24T18:10:52
/home/airflow/.local/lib/python3.7/site-packages/airflow/example_dags/tutorial_taskflow_api_virtualenv.py                                  1           0  0.15s           2026-09-24T18:10:53
/home/airflow/.local/lib/python3.7/site-packages/airflow/example_dags/example_time_delta_sensor_async.py                                   1           0  0.13s           2026-09-24T18:10:53
/home/airflow/.local/lib/python3.7/site-packages/airflow/example_dags/example_nested_branch_dag.py                                         1           0  0.15s           2026-09-24T18:10:53
/home/airflow/.local/lib/python3.7/site-packages/airflow/example_dags/example_local_kubernetes_executor.py                                 1           0  0.14s           2026-09-24T18:10:53
/home/airflow/.local/lib/python3.7/site-packages/airflow/example_dags/example_complex.py                                                   1           0  0.14s           2026-09-24T18:10:53
/home/airflow/.local/lib/python3.7/site-packages/airflow/example_dags/example_latest_only_with_trigger.py                                  1           0  0.14s           2026-09-24T18:10:53
/home/airflow/.local/lib/python3.7/site-packages/airflow/example_dags/example_branch_labels.py                                             1           0  0.13s           2026-09-24T18:10:53
/home/airflow/.local/lib/python3.7/site-packages/airflow/example_dags/example_trigger_target_dag.py                                        1           0  0.14s           2026-09-24T18:10:53
/home/airflow/.local/lib/python3.7/site-packages/airflow/example_dags/example_sensor_decorator.py                                          1           0  0.14s           2026-09-24T18:10:53
/home/airflow/.local/lib/python3.7/site-packages/airflow/example_dags/example_trigger_controller_dag.py                                    1           0  0.12s           2026-09-24T18:10:53
/home/airflow/.local/lib/python3.7/site-packages/airflow/example_dags/example_short_circuit_operator.py                                    1           0  0.13s           2026-09-24T18:10:53
/home/airflow/.local/lib/python3.7/site-packages/airflow/example_dags/example_xcomargs.py                                                  2           0  0.16s           2026-09-24T18:10:51
/home/airflow/.local/lib/python3.7/site-packages/airflow/example_dags/example_external_task_marker_dag.py                                  2           0  0.14s           2026-09-24T18:10:53
/home/airflow/.local/lib/python3.7/site-packages/airflow/example_dags/example_subdag_operator.py                                           3           0  0.15s           2026-09-24T18:10:49
/home/airflow/.local/lib/python3.7/site-packages/airflow/example_dags/example_branch_datetime_operator.py                                  3           0  0.19s           2026-09-24T18:10:50
/home/airflow/.local/lib/python3.7/site-packages/airflow/example_dags/example_datasets.py                                                  6           0  0.22s           2026-09-24T18:10:51
================================================================================
[2026-09-24T18:11:47.616+0000] {manager.py:851} INFO - 
================================================================================
DAG File Processing Stats

File Path                                                                                                         PID    Runtime      # DAGs    # Errors  Last Runtime    Last Run
----------------------------------------------------------------------------------------------------------------  -----  ---------  --------  ----------  --------------  -------------------
/home/airflow/.local/lib/python3.7/site-packages/airflow/example_dags/plugins/workday.py                                                   0           0  0.05s           2026-09-24T18:11:24
/home/airflow/.local/lib/python3.7/site-packages/airflow/example_dags/subdags/subdag.py                                                    0           0  0.05s           2026-09-24T18:11:24
/home/airflow/.local/lib/python3.7/site-packages/airflow/example_dags/example_short_circuit_decorator.py                                   1           0  0.19s           2026-09-24T18:11:18
/home/airflow/.local/lib/python3.7/site-packages/airflow/example_dags/example_bash_operator.py                                             1           0  0.19s           2026-09-24T18:11:18
/home/airflow/.local/lib/python3.7/site-packages/airflow/example_dags/example_branch_day_of_week_operator.py                               1           0  0.12s           2026-09-24T18:11:18
/home/airflow/.local/lib/python3.7/site-packages/airflow/example_dags/tutorial.py                                                          1           0  0.17s           2026-09-24T18:11:18
/home/airflow/.local/lib/python3.7/site-packages/airflow/example_dags/example_branch_python_dop_operator_3.py                              1           0  0.19s           2026-09-24T18:11:18
/home/airflow/.local/lib/python3.7/site-packages/airflow/example_dags/example_task_group_decorator.py                                      1           0  0.14s           2026-09-24T18:11:18
/home/airflow/.local/lib/python3.7/site-packages/airflow/example_dags/example_passing_params_via_test_command.py                           1           0  0.13s           2026-09-24T18:11:18
/home/airflow/.local/lib/python3.7/site-packages/airflow/example_dags/example_sensors.py                                                   1           0  0.14s           2026-09-24T18:11:18
/home/airflow/.local/lib/python3.7/site-packages/airflow/example_dags/example_python_operator.py                                           1           0  0.14s           2026-09-24T18:11:18
/home/airflow/.local/lib/python3.7/site-packages/airflow/example_dags/tutorial_dag.py                                                      1           0  0.13s           2026-09-24T18:11:20
/home/airflow/.local/lib/python3.7/site-packages/airflow/example_dags/example_task_group.py                                                1           0  0.14s           2026-09-24T18:11:21
/home/airflow/.local/lib/python3.7/site-packages/airflow/example_dags/example_skip_dag.py                                                  1           0  0.15s           2026-09-24T18:11:21
/home/airflow/.local/lib/python3.7/site-packages/airflow/example_dags/example_dag_decorator.py                                             1           0  0.26s           2026-09-24T18:11:22
/home/airflow/.local/lib/python3.7/site-packages/airflow/example_dags/example_sla_dag.py                                                   1           0  0.20s           2026-09-24T18:11:22
/home/airflow/.local/lib/python3.7/site-packages/airflow/example_dags/example_kubernetes_executor.py                                       1           0  0.16s           2026-09-24T18:11:22
/home/airflow/.local/lib/python3.7/site-packages/airflow/example_dags/example_latest_only.py                                               1           0  0.15s           2026-09-24T18:11:22
/home/airflow/.local/lib/python3.7/site-packages/airflow/example_dags/example_branch_operator.py                                           1           0  0.16s           2026-09-24T18:11:22
/home/airflow/.local/lib/python3.7/site-packages/airflow/example_dags/example_branch_operator_decorator.py                                 1           0  0.16s           2026-09-24T18:11:22
/home/airflow/.local/lib/python3.7/site-packages/airflow/example_dags/tutorial_taskflow_api.py                                             1           0  0.18s           2026-09-24T18:11:23
/home/airflow/.local/lib/python3.7/site-packages/airflow/example_dags/example_xcom.py                                                      1           0  0.19s           2026-09-24T18:11:23
/home/airflow/.local/lib/python3.7/site-packages/airflow/example_dags/tutorial_taskflow_api_virtualenv.py                                  1           0  0.16s           2026-09-24T18:11:23
/home/airflow/.local/lib/python3.7/site-packages/airflow/example_dags/example_time_delta_sensor_async.py                                   1           0  0.15s           2026-09-24T18:11:23
/home/airflow/.local/lib/python3.7/site-packages/airflow/example_dags/example_nested_branch_dag.py                                         1           0  0.17s           2026-09-24T18:11:23
/home/airflow/.local/lib/python3.7/site-packages/airflow/example_dags/example_local_kubernetes_executor.py                                 1           0  0.20s           2026-09-24T18:11:23
/home/airflow/.local/lib/python3.7/site-packages/airflow/example_dags/example_complex.py                                                   1           0  0.16s           2026-09-24T18:11:23
/home/airflow/.local/lib/python3.7/site-packages/airflow/example_dags/example_latest_only_with_trigger.py                                  1           0  0.12s           2026-09-24T18:11:23
/home/airflow/.local/lib/python3.7/site-packages/airflow/example_dags/example_branch_labels.py                                             1           0  0.18s           2026-09-24T18:11:24
/home/airflow/.local/lib/python3.7/site-packages/airflow/example_dags/example_trigger_target_dag.py                                        1           0  0.15s           2026-09-24T18:11:23
/home/airflow/.local/lib/python3.7/site-packages/airflow/example_dags/example_sensor_decorator.py                                          1           0  0.19s           2026-09-24T18:11:24
/home/airflow/.local/lib/python3.7/site-packages/airflow/example_dags/example_trigger_controller_dag.py                                    1           0  0.15s           2026-09-24T18:11:24
/home/airflow/.local/lib/python3.7/site-packages/airflow/example_dags/example_short_circuit_operator.py                                    1           0  0.20s           2026-09-24T18:11:24
/home/airflow/.local/lib/python3.7/site-packages/airflow/example_dags/example_xcomargs.py                                                  2           0  0.14s           2026-09-24T18:11:21
/home/airflow/.local/lib/python3.7/site-packages/airflow/example_dags/example_external_task_marker_dag.py                                  2           0  0.20s           2026-09-24T18:11:24
/home/airflow/.local/lib/python3.7/site-packages/airflow/example_dags/example_subdag_operator.py                                           3           0  0.16s           2026-09-24T18:11:20
/home/airflow/.local/lib/python3.7/site-packages/airflow/example_dags/example_branch_datetime_operator.py                                  3           0  0.16s           2026-09-24T18:11:21
/home/airflow/.local/lib/python3.7/site-packages/airflow/example_dags/example_datasets.py                                                  6           0  0.19s           2026-09-24T18:11:21
================================================================================
[2026-09-24T18:12:17.996+0000] {manager.py:851} INFO - 
================================================================================
DAG File Processing Stats

File Path                                                                                                         PID    Runtime      # DAGs    # Errors  Last Runtime    Last Run
----------------------------------------------------------------------------------------------------------------  -----  ---------  --------  ----------  --------------  -------------------
/home/airflow/.local/lib/python3.7/site-packages/airflow/example_dags/plugins/workday.py                                                   0           0  0.08s           2026-09-24T18:11:55
/home/airflow/.local/lib/python3.7/site-packages/airflow/example_dags/subdags/subdag.py                                                    0           0  0.07s           2026-09-24T18:11:55
/home/airflow/.local/lib/python3.7/site-packages/airflow/example_dags/example_short_circuit_decorator.py                                   1           0  0.29s           2026-09-24T18:11:48
/home/airflow/.local/lib/python3.7/site-packages/airflow/example_dags/example_bash_operator.py                                             1           0  0.27s           2026-09-24T18:11:48
/home/airflow/.local/lib/python3.7/site-packages/airflow/example_dags/example_branch_day_of_week_operator.py                               1           0  0.21s           2026-09-24T18:11:49
/home/airflow/.local/lib/python3.7/site-packages/airflow/example_dags/tutorial.py                                                          1           0  0.20s           2026-09-24T18:11:49
/home/airflow/.local/lib/python3.7/site-packages/airflow/example_dags/example_branch_python_dop_operator_3.py                              1           0  0.21s           2026-09-24T18:11:49
/home/airflow/.local/lib/python3.7/site-packages/airflow/example_dags/example_task_group_decorator.py                                      1           0  0.22s           2026-09-24T18:11:49
/home/airflow/.local/lib/python3.7/site-packages/airflow/example_dags/example_passing_params_via_test_command.py                           1           0  0.25s           2026-09-24T18:11:49
/home/airflow/.local/lib/python3.7/site-packages/airflow/example_dags/example_sensors.py                                                   1           0  0.25s           2026-09-24T18:11:49
/home/airflow/.local/lib/python3.7/site-packages/airflow/example_dags/example_python_operator.py                                           1           0  0.31s           2026-09-24T18:11:49
/home/airflow/.local/lib/python3.7/site-packages/airflow/example_dags/tutorial_dag.py                                                      1           0  0.26s           2026-09-24T18:11:50
/home/airflow/.local/lib/python3.7/site-packages/airflow/example_dags/example_task_group.py                                                1           0  0.24s           2026-09-24T18:11:52
/home/airflow/.local/lib/python3.7/site-packages/airflow/example_dags/example_skip_dag.py                                                  1           0  0.24s           2026-09-24T18:11:52
/home/airflow/.local/lib/python3.7/site-packages/airflow/example_dags/example_dag_decorator.py                                             1           0  0.40s           2026-09-24T18:11:53
/home/airflow/.local/lib/python3.7/site-packages/airflow/example_dags/example_sla_dag.py                                                   1           0  0.32s           2026-09-24T18:11:53
/home/airflow/.local/lib/python3.7/site-packages/airflow/example_dags/example_kubernetes_executor.py                                       1           0  0.33s           2026-09-24T18:11:53
/home/airflow/.local/lib/python3.7/site-packages/airflow/example_dags/example_latest_only.py                                               1           0  0.34s           2026-09-24T18:11:53
/home/airflow/.local/lib/python3.7/site-packages/airflow/example_dags/example_branch_operator.py                                           1           0  0.27s           2026-09-24T18:11:53
/home/airflow/.local/lib/python3.7/site-packages/airflow/example_dags/example_branch_operator_decorator.py                                 1           0  0.30s           2026-09-24T18:11:53
/home/airflow/.local/lib/python3.7/site-packages/airflow/example_dags/tutorial_taskflow_api.py                                             1           0  0.31s           2026-09-24T18:11:53
/home/airflow/.local/lib/python3.7/site-packages/airflow/example_dags/example_xcom.py                                                      1           0  0.31s           2026-09-24T18:11:54
/home/airflow/.local/lib/python3.7/site-packages/airflow/example_dags/tutorial_taskflow_api_virtualenv.py                                  1           0  0.28s           2026-09-24T18:11:54
/home/airflow/.local/lib/python3.7/site-packages/airflow/example_dags/example_time_delta_sensor_async.py                                   1           0  0.23s           2026-09-24T18:11:54
/home/airflow/.local/lib/python3.7/site-packages/airflow/example_dags/example_nested_branch_dag.py                                         1           0  0.28s           2026-09-24T18:11:54
/home/airflow/.local/lib/python3.7/site-packages/airflow/example_dags/example_local_kubernetes_executor.py                                 1           0  0.29s           2026-09-24T18:11:54
/home/airflow/.local/lib/python3.7/site-packages/airflow/example_dags/example_complex.py                                                   1           0  0.35s           2026-09-24T18:11:54
/home/airflow/.local/lib/python3.7/site-packages/airflow/example_dags/example_latest_only_with_trigger.py                                  1           0  0.34s           2026-09-24T18:11:54
/home/airflow/.local/lib/python3.7/site-packages/airflow/example_dags/example_branch_labels.py                                             1           0  0.33s           2026-09-24T18:11:55
/home/airflow/.local/lib/python3.7/site-packages/airflow/example_dags/example_trigger_target_dag.py                                        1           0  0.33s           2026-09-24T18:11:55
/home/airflow/.local/lib/python3.7/site-packages/airflow/example_dags/example_sensor_decorator.py                                          1           0  0.20s           2026-09-24T18:11:55
/home/airflow/.local/lib/python3.7/site-packages/airflow/example_dags/example_trigger_controller_dag.py                                    1           0  0.16s           2026-09-24T18:11:55
/home/airflow/.local/lib/python3.7/site-packages/airflow/example_dags/example_short_circuit_operator.py                                    1           0  0.25s           2026-09-24T18:11:55
/home/airflow/.local/lib/python3.7/site-packages/airflow/example_dags/example_xcomargs.py                                                  2           0  0.25s           2026-09-24T18:11:52
/home/airflow/.local/lib/python3.7/site-packages/airflow/example_dags/example_external_task_marker_dag.py                                  2           0  0.26s           2026-09-24T18:11:55
/home/airflow/.local/lib/python3.7/site-packages/airflow/example_dags/example_subdag_operator.py                                           3           0  0.31s           2026-09-24T18:11:50
/home/airflow/.local/lib/python3.7/site-packages/airflow/example_dags/example_branch_datetime_operator.py                                  3           0  0.27s           2026-09-24T18:11:52
/home/airflow/.local/lib/python3.7/site-packages/airflow/example_dags/example_datasets.py                                                  6           0  0.32s           2026-09-24T18:11:52
================================================================================
[2026-09-24T18:12:48.274+0000] {manager.py:851} INFO - 
================================================================================
DAG File Processing Stats

File Path                                                                                                         PID    Runtime      # DAGs    # Errors  Last Runtime    Last Run
----------------------------------------------------------------------------------------------------------------  -----  ---------  --------  ----------  --------------  -------------------
/home/airflow/.local/lib/python3.7/site-packages/airflow/example_dags/plugins/workday.py                                                   0           0  0.10s           2026-09-24T18:12:26
/home/airflow/.local/lib/python3.7/site-packages/airflow/example_dags/subdags/subdag.py                                                    0           0  0.14s           2026-09-24T18:12:26
/home/airflow/.local/lib/python3.7/site-packages/airflow/example_dags/example_short_circuit_decorator.py                                   1           0  0.25s           2026-09-24T18:12:19
/home/airflow/.local/lib/python3.7/site-packages/airflow/example_dags/example_bash_operator.py                                             1           0  0.29s           2026-09-24T18:12:19
/home/airflow/.local/lib/python3.7/site-packages/airflow/example_dags/example_branch_day_of_week_operator.py                               1           0  0.21s           2026-09-24T18:12:19
/home/airflow/.local/lib/python3.7/site-packages/airflow/example_dags/tutorial.py                                                          1           0  0.21s           2026-09-24T18:12:19
/home/airflow/.local/lib/python3.7/site-packages/airflow/example_dags/example_branch_python_dop_operator_3.py                              1           0  0.25s           2026-09-24T18:12:19
/home/airflow/.local/lib/python3.7/site-packages/airflow/example_dags/example_task_group_decorator.py                                      1           0  0.24s           2026-09-24T18:12:19
/home/airflow/.local/lib/python3.7/site-packages/airflow/example_dags/example_passing_params_via_test_command.py                           1           0  0.25s           2026-09-24T18:12:19
/home/airflow/.local/lib/python3.7/site-packages/airflow/example_dags/example_sensors.py                                                   1           0  0.24s           2026-09-24T18:12:20
/home/airflow/.local/lib/python3.7/site-packages/airflow/example_dags/example_python_operator.py                                           1           0  0.27s           2026-09-24T18:12:20
/home/airflow/.local/lib/python3.7/site-packages/airflow/example_dags/tutorial_dag.py                                                      1           0  0.20s           2026-09-24T18:12:21
/home/airflow/.local/lib/python3.7/site-packages/airflow/example_dags/example_task_group.py                                                1           0  0.24s           2026-09-24T18:12:22
/home/airflow/.local/lib/python3.7/site-packages/airflow/example_dags/example_skip_dag.py                                                  1           0  0.17s           2026-09-24T18:12:22
/home/airflow/.local/lib/python3.7/site-packages/airflow/example_dags/example_dag_decorator.py                                             1           0  0.28s           2026-09-24T18:12:24
/home/airflow/.local/lib/python3.7/site-packages/airflow/example_dags/example_sla_dag.py                                                   1           0  0.22s           2026-09-24T18:12:24
/home/airflow/.local/lib/python3.7/site-packages/airflow/example_dags/example_kubernetes_executor.py                                       1           0  0.21s           2026-09-24T18:12:24
/home/airflow/.local/lib/python3.7/site-packages/airflow/example_dags/example_latest_only.py                                               1           0  0.18s           2026-09-24T18:12:24
/home/airflow/.local/lib/python3.7/site-packages/airflow/example_dags/example_branch_operator.py                                           1           0  0.18s           2026-09-24T18:12:24
/home/airflow/.local/lib/python3.7/site-packages/airflow/example_dags/example_branch_operator_decorator.py                                 1           0  0.19s           2026-09-24T18:12:24
/home/airflow/.local/lib/python3.7/site-packages/airflow/example_dags/tutorial_taskflow_api.py                                             1           0  0.18s           2026-09-24T18:12:24
/home/airflow/.local/lib/python3.7/site-packages/airflow/example_dags/example_xcom.py                                                      1           0  0.19s           2026-09-24T18:12:24
/home/airflow/.local/lib/python3.7/site-packages/airflow/example_dags/tutorial_taskflow_api_virtualenv.py                                  1           0  0.19s           2026-09-24T18:12:24
/home/airflow/.local/lib/python3.7/site-packages/airflow/example_dags/example_time_delta_sensor_async.py                                   1           0  0.17s           2026-09-24T18:12:24
/home/airflow/.local/lib/python3.7/site-packages/airflow/example_dags/example_nested_branch_dag.py                                         1           0  0.21s           2026-09-24T18:12:25
/home/airflow/.local/lib/python3.7/site-packages/airflow/example_dags/example_local_kubernetes_executor.py                                 1           0  0.21s           2026-09-24T18:12:25
/home/airflow/.local/lib/python3.7/site-packages/airflow/example_dags/example_complex.py                                                   1           0  0.25s           2026-09-24T18:12:25
/home/airflow/.local/lib/python3.7/site-packages/airflow/example_dags/example_latest_only_with_trigger.py                                  1           0  0.24s           2026-09-24T18:12:25
/home/airflow/.local/lib/python3.7/site-packages/airflow/example_dags/example_branch_labels.py                                             1           0  0.18s           2026-09-24T18:12:25
/home/airflow/.local/lib/python3.7/site-packages/airflow/example_dags/example_trigger_target_dag.py                                        1           0  0.18s           2026-09-24T18:12:25
/home/airflow/.local/lib/python3.7/site-packages/airflow/example_dags/example_sensor_decorator.py                                          1           0  0.19s           2026-09-24T18:12:25
/home/airflow/.local/lib/python3.7/site-packages/airflow/example_dags/example_trigger_controller_dag.py                                    1           0  0.17s           2026-09-24T18:12:25
/home/airflow/.local/lib/python3.7/site-packages/airflow/example_dags/example_short_circuit_operator.py                                    1           0  0.18s           2026-09-24T18:12:25
/home/airflow/.local/lib/python3.7/site-packages/airflow/example_dags/example_xcomargs.py                                                  2           0  0.18s           2026-09-24T18:12:22
/home/airflow/.local/lib/python3.7/site-packages/airflow/example_dags/example_external_task_marker_dag.py                                  2           0  0.19s           2026-09-24T18:12:26
/home/airflow/.local/lib/python3.7/site-packages/airflow/example_dags/example_subdag_operator.py                                           3           0  0.24s           2026-09-24T18:12:21
/home/airflow/.local/lib/python3.7/site-packages/airflow/example_dags/example_branch_datetime_operator.py                                  3           0  0.26s           2026-09-24T18:12:22
/home/airflow/.local/lib/python3.7/site-packages/airflow/example_dags/example_datasets.py                                                  6           0  0.23s           2026-09-24T18:12:22
================================================================================
[2026-09-24T18:13:18.926+0000] {manager.py:851} INFO - 
================================================================================
DAG File Processing Stats

File Path                                                                                                         PID    Runtime      # DAGs    # Errors  Last Runtime    Last Run
----------------------------------------------------------------------------------------------------------------  -----  ---------  --------  ----------  --------------  -------------------
/home/airflow/.local/lib/python3.7/site-packages/airflow/example_dags/plugins/workday.py                                                   0           0  0.05s           2026-09-24T18:12:56
/home/airflow/.local/lib/python3.7/site-packages/airflow/example_dags/subdags/subdag.py                                                    0           0  0.05s           2026-09-24T18:12:56
/home/airflow/.local/lib/python3.7/site-packages/airflow/example_dags/example_short_circuit_decorator.py                                   1           0  0.26s           2026-09-24T18:12:49
/home/airflow/.local/lib/python3.7/site-packages/airflow/example_dags/example_bash_operator.py                                             1           0  0.23s           2026-09-24T18:12:49
/home/airflow/.local/lib/python3.7/site-packages/airflow/example_dags/example_branch_day_of_week_operator.py                               1           0  0.18s           2026-09-24T18:12:49
/home/airflow/.local/lib/python3.7/site-packages/airflow/example_dags/tutorial.py                                                          1           0  0.19s           2026-09-24T18:12:49
/home/airflow/.local/lib/python3.7/site-packages/airflow/example_dags/example_branch_python_dop_operator_3.py                              1           0  0.19s           2026-09-24T18:12:49
/home/airflow/.local/lib/python3.7/site-packages/airflow/example_dags/example_task_group_decorator.py                                      1           0  0.20s           2026-09-24T18:12:49
/home/airflow/.local/lib/python3.7/site-packages/airflow/example_dags/example_passing_params_via_test_command.py                           1           0  0.25s           2026-09-24T18:12:50
/home/airflow/.local/lib/python3.7/site-packages/airflow/example_dags/example_sensors.py                                                   1           0  0.23s           2026-09-24T18:12:50
/home/airflow/.local/lib/python3.7/site-packages/airflow/example_dags/example_python_operator.py                                           1           0  0.24s           2026-09-24T18:12:50
/home/airflow/.local/lib/python3.7/site-packages/airflow/example_dags/tutorial_dag.py                                                      1           0  0.17s           2026-09-24T18:12:51
/home/airflow/.local/lib/python3.7/site-packages/airflow/example_dags/example_task_group.py                                                1           0  0.13s           2026-09-24T18:12:52
/home/airflow/.local/lib/python3.7/site-packages/airflow/example_dags/example_skip_dag.py                                                  1           0  0.23s           2026-09-24T18:12:53
/home/airflow/.local/lib/python3.7/site-packages/airflow/example_dags/example_dag_decorator.py                                             1           0  0.22s           2026-09-24T18:12:54
/home/airflow/.local/lib/python3.7/site-packages/airflow/example_dags/example_sla_dag.py                                                   1           0  0.17s           2026-09-24T18:12:54
/home/airflow/.local/lib/python3.7/site-packages/airflow/example_dags/example_kubernetes_executor.py                                       1           0  0.21s           2026-09-24T18:12:54
/home/airflow/.local/lib/python3.7/site-packages/airflow/example_dags/example_latest_only.py                                               1           0  0.17s           2026-09-24T18:12:54
/home/airflow/.local/lib/python3.7/site-packages/airflow/example_dags/example_branch_operator.py                                           1           0  0.17s           2026-09-24T18:12:54
/home/airflow/.local/lib/python3.7/site-packages/airflow/example_dags/example_branch_operator_decorator.py                                 1           0  0.18s           2026-09-24T18:12:55
/home/airflow/.local/lib/python3.7/site-packages/airflow/example_dags/tutorial_taskflow_api.py                                             1           0  0.17s           2026-09-24T18:12:55
/home/airflow/.local/lib/python3.7/site-packages/airflow/example_dags/example_xcom.py                                                      1           0  0.19s           2026-09-24T18:12:55
/home/airflow/.local/lib/python3.7/site-packages/airflow/example_dags/tutorial_taskflow_api_virtualenv.py                                  1           0  0.17s           2026-09-24T18:12:55
/home/airflow/.local/lib/python3.7/site-packages/airflow/example_dags/example_time_delta_sensor_async.py                                   1           0  0.19s           2026-09-24T18:12:55
/home/airflow/.local/lib/python3.7/site-packages/airflow/example_dags/example_nested_branch_dag.py                                         1           0  0.30s           2026-09-24T18:12:55
/home/airflow/.local/lib/python3.7/site-packages/airflow/example_dags/example_local_kubernetes_executor.py                                 1           0  0.27s           2026-09-24T18:12:55
/home/airflow/.local/lib/python3.7/site-packages/airflow/example_dags/example_complex.py                                                   1           0  0.30s           2026-09-24T18:12:55
/home/airflow/.local/lib/python3.7/site-packages/airflow/example_dags/example_latest_only_with_trigger.py                                  1           0  0.29s           2026-09-24T18:12:56
/home/airflow/.local/lib/python3.7/site-packages/airflow/example_dags/example_branch_labels.py                                             1           0  0.28s           2026-09-24T18:12:56
/home/airflow/.local/lib/python3.7/site-packages/airflow/example_dags/example_trigger_target_dag.py                                        1           0  0.33s           2026-09-24T18:12:56
/home/airflow/.local/lib/python3.7/site-packages/airflow/example_dags/example_sensor_decorator.py                                          1           0  0.24s           2026-09-24T18:12:56
/home/airflow/.local/lib/python3.7/site-packages/airflow/example_dags/example_trigger_controller_dag.py                                    1           0  0.17s           2026-09-24T18:12:56
/home/airflow/.local/lib/python3.7/site-packages/airflow/example_dags/example_short_circuit_operator.py                                    1           0  0.17s           2026-09-24T18:12:56
/home/airflow/.local/lib/python3.7/site-packages/airflow/example_dags/example_xcomargs.py                                                  2           0  0.18s           2026-09-24T18:12:53
/home/airflow/.local/lib/python3.7/site-packages/airflow/example_dags/example_external_task_marker_dag.py                                  2           0  0.17s           2026-09-24T18:12:56
/home/airflow/.local/lib/python3.7/site-packages/airflow/example_dags/example_subdag_operator.py                                           3           0  0.20s           2026-09-24T18:12:51
/home/airflow/.local/lib/python3.7/site-packages/airflow/example_dags/example_branch_datetime_operator.py                                  3           0  0.14s           2026-09-24T18:12:52
/home/airflow/.local/lib/python3.7/site-packages/airflow/example_dags/example_datasets.py                                                  6           0  0.24s           2026-09-24T18:12:53
================================================================================
[2026-09-24T18:13:49.437+0000] {manager.py:851} INFO - 
================================================================================
DAG File Processing Stats

File Path                                                                                                         PID    Runtime      # DAGs    # Errors  Last Runtime    Last Run
----------------------------------------------------------------------------------------------------------------  -----  ---------  --------  ----------  --------------  -------------------
/home/airflow/.local/lib/python3.7/site-packages/airflow/example_dags/plugins/workday.py                                                   0           0  0.04s           2026-09-24T18:13:27
/home/airflow/.local/lib/python3.7/site-packages/airflow/example_dags/subdags/subdag.py                                                    0           0  0.04s           2026-09-24T18:13:27
/home/airflow/.local/lib/python3.7/site-packages/airflow/example_dags/example_short_circuit_decorator.py                                   1           0  0.25s           2026-09-24T18:13:20
/home/airflow/.local/lib/python3.7/site-packages/airflow/example_dags/example_bash_operator.py                                             1           0  0.29s           2026-09-24T18:13:20
/home/airflow/.local/lib/python3.7/site-packages/airflow/example_dags/example_branch_day_of_week_operator.py                               1           0  0.26s           2026-09-24T18:13:20
/home/airflow/.local/lib/python3.7/site-packages/airflow/example_dags/tutorial.py                                                          1           0  0.27s           2026-09-24T18:13:20
/home/airflow/.local/lib/python3.7/site-packages/airflow/example_dags/example_branch_python_dop_operator_3.py                              1           0  0.25s           2026-09-24T18:13:20
/home/airflow/.local/lib/python3.7/site-packages/airflow/example_dags/example_task_group_decorator.py                                      1           0  0.31s           2026-09-24T18:13:20
/home/airflow/.local/lib/python3.7/site-packages/airflow/example_dags/example_passing_params_via_test_command.py                           1           0  0.27s           2026-09-24T18:13:21
/home/airflow/.local/lib/python3.7/site-packages/airflow/example_dags/example_sensors.py                                                   1           0  0.28s           2026-09-24T18:13:21
/home/airflow/.local/lib/python3.7/site-packages/airflow/example_dags/example_python_operator.py                                           1           0  0.34s           2026-09-24T18:13:21
/home/airflow/.local/lib/python3.7/site-packages/airflow/example_dags/tutorial_dag.py                                                      1           0  0.25s           2026-09-24T18:13:22
/home/airflow/.local/lib/python3.7/site-packages/airflow/example_dags/example_task_group.py                                                1           0  0.36s           2026-09-24T18:13:23
/home/airflow/.local/lib/python3.7/site-packages/airflow/example_dags/example_skip_dag.py                                                  1           0  0.34s           2026-09-24T18:13:24
/home/airflow/.local/lib/python3.7/site-packages/airflow/example_dags/example_dag_decorator.py                                             1           0  0.45s           2026-09-24T18:13:25
/home/airflow/.local/lib/python3.7/site-packages/airflow/example_dags/example_sla_dag.py                                                   1           0  0.36s           2026-09-24T18:13:25
/home/airflow/.local/lib/python3.7/site-packages/airflow/example_dags/example_kubernetes_executor.py                                       1           0  0.31s           2026-09-24T18:13:25
/home/airflow/.local/lib/python3.7/site-packages/airflow/example_dags/example_latest_only.py                                               1           0  0.26s           2026-09-24T18:13:25
/home/airflow/.local/lib/python3.7/site-packages/airflow/example_dags/example_branch_operator.py                                           1           0  0.24s           2026-09-24T18:13:25
/home/airflow/.local/lib/python3.7/site-packages/airflow/example_dags/example_branch_operator_decorator.py                                 1           0  0.22s           2026-09-24T18:13:25
/home/airflow/.local/lib/python3.7/site-packages/airflow/example_dags/tutorial_taskflow_api.py                                             1           0  0.20s           2026-09-24T18:13:25
/home/airflow/.local/lib/python3.7/site-packages/airflow/example_dags/example_xcom.py                                                      1           0  0.22s           2026-09-24T18:13:25
/home/airflow/.local/lib/python3.7/site-packages/airflow/example_dags/tutorial_taskflow_api_virtualenv.py                                  1           0  0.19s           2026-09-24T18:13:26
/home/airflow/.local/lib/python3.7/site-packages/airflow/example_dags/example_time_delta_sensor_async.py                                   1           0  0.18s           2026-09-24T18:13:26
/home/airflow/.local/lib/python3.7/site-packages/airflow/example_dags/example_nested_branch_dag.py                                         1           0  0.20s           2026-09-24T18:13:26
/home/airflow/.local/lib/python3.7/site-packages/airflow/example_dags/example_local_kubernetes_executor.py                                 1           0  0.21s           2026-09-24T18:13:26
/home/airflow/.local/lib/python3.7/site-packages/airflow/example_dags/example_complex.py                                                   1           0  0.20s           2026-09-24T18:13:26
/home/airflow/.local/lib/python3.7/site-packages/airflow/example_dags/example_latest_only_with_trigger.py                                  1           0  0.21s           2026-09-24T18:13:26
/home/airflow/.local/lib/python3.7/site-packages/airflow/example_dags/example_branch_labels.py                                             1           0  0.21s           2026-09-24T18:13:26
/home/airflow/.local/lib/python3.7/site-packages/airflow/example_dags/example_trigger_target_dag.py                                        1           0  0.17s           2026-09-24T18:13:26
/home/airflow/.local/lib/python3.7/site-packages/airflow/example_dags/example_sensor_decorator.py                                          1           0  0.20s           2026-09-24T18:13:26
/home/airflow/.local/lib/python3.7/site-packages/airflow/example_dags/example_trigger_controller_dag.py                                    1           0  0.19s           2026-09-24T18:13:26
/home/airflow/.local/lib/python3.7/site-packages/airflow/example_dags/example_short_circuit_operator.py                                    1           0  0.21s           2026-09-24T18:13:27
/home/airflow/.local/lib/python3.7/site-packages/airflow/example_dags/example_xcomargs.py                                                  2           0  0.55s           2026-09-24T18:13:24
/home/airflow/.local/lib/python3.7/site-packages/airflow/example_dags/example_external_task_marker_dag.py                                  2           0  0.16s           2026-09-24T18:13:27
/home/airflow/.local/lib/python3.7/site-packages/airflow/example_dags/example_subdag_operator.py                                           3           0  0.36s           2026-09-24T18:13:22
/home/airflow/.local/lib/python3.7/site-packages/airflow/example_dags/example_branch_datetime_operator.py                                  3           0  0.37s           2026-09-24T18:13:23
/home/airflow/.local/lib/python3.7/site-packages/airflow/example_dags/example_datasets.py                                                  6           0  0.52s           2026-09-24T18:13:24
================================================================================
[2026-09-24T18:14:04.089+0000] {manager.py:465} INFO - Exiting gracefully upon receiving signal 15
